video,frame,LFHoof_x,LFHoof_y,LFHoof_likelihood,LFAnkle_x,LFAnkle_y,LFAnkle_likelihood,LFKnee_x,LFKnee_y,LFKnee_likelihood,RFHoof_x,RFHoof_y,RFHoof_likelihood,RFAnkle_x,RFAnkle_y,RFAnkle_likelihood,RFKnee_x,RFKnee_y,RFKnee_likelihood,LHHoof_x,LHHoof_y,LHHoof_likelihood,LHAnkle_x,LHAnkle_y,LHAnkle_likelihood,LHKnee_x,LHKnee_y,LHKnee_likelihood,RHHoof_x,RHHoof_y,RHHoof_likelihood,RHAnkle_x,RHAnkle_y,RHAnkle_likelihood,RHKnee_x,RHKnee_y,RHKnee_likelihood,Nose_x,Nose_y,Nose_likelihood,HeadTop_x,HeadTop_y,HeadTop_likelihood,Spine1_x,Spine1_y,Spine1_likelihood,Spine2_x,Spine2_y,Spine2_likelihood,Spine3_x,Spine3_y,Spine3_likelihood
0522093645_rgb,38,336.260009765625,818.030029296875,1.0,332.3500061035156,782.8399658203125,1.0,344.08001708984375,743.739990234375,1.0,461.3800048828125,829.760009765625,1.0,445.7400207519531,794.5700073242188,1.0,430.1000061035156,755.469970703125,1.0,86.02000427246094,806.300048828125,1.0,97.75,771.1099853515625,1.0,89.93000030517578,716.3699951171875,1.0,156.40000915527344,821.9400024414062,1.0,136.85000610351562,786.75,1.0,129.02999877929688,735.9200439453125,1.0,609.9600219726562,630.3499755859375,1.0,547.4000244140625,563.8800048828125,1.0,398.82000732421875,556.0599975585938,1.0,140.760009765625,548.239990234375,1.0,281.52001953125,548.239990234375,1.0
0522093645_rgb,39,334.3999938964844,821.0,1.0,338.1999816894531,783.0,1.0,349.6000061035156,745.0,1.0,463.6000061035156,828.5999755859375,1.0,440.79998779296875,798.199951171875,1.0,433.1999816894531,756.4000244140625,1.0,114.0,805.7999877929688,1.0,121.5999984741211,767.7999877929688,1.0,106.4000015258789,710.7999877929688,1.0,163.39999389648438,821.0,1.0,152.0,794.4000244140625,1.0,133.0,741.199951171875,1.0,619.3999633789062,634.7999877929688,1.0,554.7999877929688,566.4000244140625,1.0,406.6000061035156,558.7999877929688,1.0,155.8000030517578,551.2000122070312,1.0,300.1999816894531,551.2000122070312,1.0
0522093645_rgb,40,337.9800109863281,820.6199951171875,1.0,334.0500183105469,785.25,1.0,353.70001220703125,745.9500122070312,1.0,463.7400207519531,832.4100341796875,1.0,448.02001953125,797.0400390625,1.0,432.3000183105469,757.739990234375,1.0,133.6199951171875,808.8300170898438,1.0,149.33999633789062,769.530029296875,1.0,125.76000213623047,710.5800170898438,1.0,157.1999969482422,824.5499877929688,1.0,153.27000427246094,793.1099853515625,1.0,125.76000213623047,749.8800048828125,1.0,620.9400024414062,631.97998046875,1.0,558.0599975585938,561.239990234375,1.0,412.6499938964844,553.3800048828125,1.0,161.1300048828125,549.4500122070312,1.0,298.67999267578125,549.4500122070312,1.0
0522093645_rgb,41,334.739990234375,820.9749755859375,1.0,342.7099914550781,785.1099853515625,1.0,358.6499938964844,745.260009765625,1.0,462.2599792480469,832.9299926757812,1.0,446.3199768066406,797.0650024414062,1.0,438.3499755859375,753.22998046875,1.0,195.26499938964844,805.0349731445312,1.0,195.26499938964844,773.155029296875,1.0,167.3699951171875,721.3499755859375,1.0,163.38499450683594,828.9450073242188,1.0,143.45999145507812,793.0799560546875,1.0,127.5199966430664,741.2750244140625,1.0,633.614990234375,633.6799926757812,1.0,569.85498046875,561.949951171875,1.0,422.4100036621094,553.97998046875,1.0,175.33999633789062,546.010009765625,1.0,310.8299865722656,546.010009765625,1.0
0522093645_rgb,42,336.69000244140625,808.864990234375,1.0,360.17999267578125,781.4599609375,1.0,387.5849914550781,750.1400146484375,1.0,461.9700012207031,832.35498046875,1.0,446.30999755859375,797.1199951171875,1.0,438.47998046875,757.969970703125,1.0,250.55999755859375,816.6950073242188,1.0,234.89999389648438,781.4599609375,1.0,195.75,726.6500244140625,1.0,160.51499938964844,832.35498046875,1.0,140.94000244140625,793.2049560546875,1.0,133.11000061035156,734.47998046875,1.0,645.9749755859375,632.6900024414062,1.0,579.4199829101562,562.219970703125,1.0,430.6499938964844,554.3900146484375,1.0,184.0050048828125,546.5599975585938,1.0,321.0299987792969,546.5599975585938,1.0
0522093645_rgb,43,345.46002197265625,802.1500244140625,1.0,379.2550048828125,783.375,1.0,401.7850036621094,749.5800170898438,1.0,458.1100158691406,832.1900024414062,1.0,443.09002685546875,798.39501953125,1.0,443.09002685546875,757.0900268554688,1.0,266.6050109863281,817.1700439453125,1.0,251.5850067138672,779.6199951171875,1.0,217.79000854492188,727.050048828125,1.0,157.7100067138672,824.6800537109375,1.0,138.93499755859375,790.885009765625,1.0,138.93499755859375,730.8050537109375,1.0,653.3699951171875,633.175048828125,1.0,585.780029296875,561.8300170898438,1.0,439.33502197265625,554.3200073242188,1.0,187.75,550.5650024414062,1.0,319.1750183105469,546.8099975585938,1.0
0522093645_rgb,44,365.2799987792969,797.0400390625,1.0,403.33001708984375,785.625,1.0,422.3550109863281,755.1849975585938,1.0,464.21002197265625,831.2850341796875,1.0,448.9900207519531,797.0400390625,1.0,448.9900207519531,766.5999755859375,1.0,304.3999938964844,816.0650024414062,1.0,281.57000732421875,781.8200073242188,1.0,251.1300048828125,728.550048828125,1.0,159.80999755859375,823.6749877929688,1.0,140.78500366210938,793.2349853515625,1.0,144.58999633789062,732.35498046875,1.0,662.0700073242188,633.425048828125,1.0,597.385009765625,561.1300048828125,1.0,445.18499755859375,553.52001953125,1.0,197.86000061035156,549.7150268554688,1.0,327.2300109863281,545.9100341796875,1.0
0522093645_rgb,45,384.3600158691406,796.800048828125,1.0,417.3000183105469,785.8200073242188,1.0,439.260009765625,749.219970703125,1.0,464.8800048828125,829.739990234375,1.0,450.2400207519531,796.800048828125,1.0,450.2400207519531,767.52001953125,1.0,318.4800109863281,815.0999755859375,1.0,300.17999267578125,785.8200073242188,1.0,267.239990234375,730.9200439453125,1.0,157.44000244140625,826.0800170898438,1.0,146.45999145507812,793.1400146484375,1.0,150.1199951171875,734.5800170898438,1.0,669.8400268554688,635.760009765625,1.0,603.9600219726562,562.5599975585938,1.0,457.55999755859375,555.239990234375,1.0,208.6800079345703,555.239990234375,1.0,344.1000061035156,547.9199829101562,1.0
0522093645_rgb,46,424.08001708984375,797.4000244140625,1.0,468.2400207519531,782.6800537109375,1.0,486.6400146484375,745.8800048828125,1.0,460.8800048828125,834.2000122070312,1.0,453.52001953125,804.760009765625,1.0,446.1600036621094,756.9200439453125,1.0,324.7200012207031,812.1199951171875,1.0,302.6400146484375,782.6800537109375,1.0,269.52001953125,731.1600341796875,1.0,159.1199951171875,826.8399658203125,1.0,148.0800018310547,793.719970703125,1.0,159.1199951171875,731.1600341796875,1.0,681.6799926757812,635.47998046875,1.0,615.4400024414062,561.8800048828125,1.0,468.2400207519531,554.52001953125,1.0,218.0,554.52001953125,1.0,350.4800109863281,547.1600341796875,1.0
0522093645_rgb,47,471.6499938964844,801.010009765625,1.0,490.20001220703125,782.4599609375,1.0,497.6199951171875,745.3599853515625,1.0,460.52001953125,834.4000244140625,1.0,438.260009765625,804.719970703125,1.0,445.67999267578125,756.489990234375,1.0,323.25,804.719970703125,1.0,300.989990234375,778.75,1.0,260.17999267578125,730.52001953125,1.0,152.58999633789062,826.97998046875,1.0,148.8800048828125,789.8800048828125,1.0,163.72000122070312,730.52001953125,1.0,683.1199951171875,634.0599975585938,1.0,623.760009765625,559.8599853515625,1.0,475.3600158691406,556.1500244140625,1.0,230.5,552.4400024414062,1.0,360.3500061035156,548.72998046875,1.0
0522093645_rgb,48,488.3899841308594,803.2999877929688,1.0,507.44000244140625,780.4400024414062,1.0,515.0599975585938,742.3399658203125,1.0,461.7200012207031,833.7799682617188,1.0,450.2900085449219,799.489990234375,1.0,446.47998046875,757.5799560546875,1.0,324.55999755859375,810.9199829101562,1.0,297.8899841308594,780.4400024414062,1.0,255.97999572753906,734.719970703125,1.0,156.9199981689453,826.1599731445312,1.0,149.29998779296875,791.8699951171875,1.0,164.5399932861328,730.9100341796875,1.0,690.3200073242188,635.6600341796875,1.0,629.3599853515625,563.27001953125,1.0,480.7699890136719,555.6500244140625,1.0,240.739990234375,551.8399658203125,1.0,370.2799987792969,551.8399658203125,1.0
0522093645_rgb,49,532.9000244140625,813.3900146484375,1.0,552.0499877929688,778.9199829101562,1.0,544.3900146484375,732.9599609375,1.0,467.78997802734375,832.5399780273438,1.0,452.4700012207031,798.0699462890625,1.0,456.29998779296875,755.9400024414062,1.0,326.0799865722656,813.3900146484375,1.0,303.1000061035156,782.75,1.0,264.79998779296875,736.7899780273438,1.0,153.72999572753906,828.7099609375,1.0,149.89999389648438,790.4100341796875,1.0,172.8800048828125,729.1300048828125,1.0,709.0799560546875,641.0399780273438,1.0,647.7999877929688,564.4400024414062,1.0,494.5999755859375,556.780029296875,1.0,249.47999572753906,556.780029296875,1.0,387.3599853515625,549.1199951171875,1.0
0522093645_rgb,50,587.1199951171875,824.0999755859375,1.0,583.260009765625,785.5,1.0,567.8200073242188,743.0399780273438,1.0,467.4599914550781,835.6799926757812,1.0,452.0199890136719,800.93994140625,1.0,455.8799743652344,758.47998046875,1.0,324.6399841308594,812.52001953125,1.0,297.6199951171875,777.780029296875,1.0,270.5999755859375,735.3199462890625,1.0,158.66000366210938,831.8200073242188,1.0,154.79998779296875,793.219970703125,1.0,177.95999145507812,723.739990234375,1.0,718.3599853515625,642.6799926757812,1.0,660.4599609375,565.47998046875,1.0,509.91998291015625,557.760009765625,1.0,266.739990234375,550.0399780273438,1.0,401.8399963378906,550.0399780273438,1.0
0522093645_rgb,51,600.9299926757812,825.5250244140625,1.0,589.1849975585938,786.375,1.0,573.5250244140625,747.2249755859375,1.0,459.989990234375,837.27001953125,1.0,452.1600036621094,798.1199951171875,1.0,459.989990234375,758.969970703125,1.0,319.04998779296875,813.7799682617188,1.0,299.4749755859375,778.5449829101562,1.0,272.07000732421875,735.47998046875,1.0,166.364990234375,833.35498046875,1.0,162.4499969482422,790.2900390625,1.0,185.94000244140625,723.7349853515625,1.0,726.2100219726562,641.52001953125,1.0,671.4000244140625,563.219970703125,1.0,514.7999877929688,555.3900146484375,1.0,275.9849853515625,551.4749755859375,1.0,409.0950012207031,551.4749755859375,1.0
0522093645_rgb,52,613.5599975585938,832.6199951171875,1.0,597.5999755859375,792.719970703125,1.0,581.6400146484375,752.8200073242188,1.0,465.92999267578125,836.6099853515625,1.0,453.9599914550781,800.7000122070312,1.0,465.92999267578125,752.8200073242188,1.0,318.29998779296875,812.6699829101562,1.0,302.3399963378906,776.760009765625,1.0,278.3999938964844,728.8800048828125,1.0,174.66000366210938,820.6500244140625,1.0,194.61000061035156,780.75,1.0,206.5800018310547,720.9000244140625,1.0,741.239990234375,641.0999755859375,1.0,681.3900146484375,561.2999877929688,1.0,525.780029296875,557.3099975585938,1.0,294.3599853515625,549.3299560546875,1.0,422.0400085449219,553.3200073242188,1.0
0522093645_rgb,53,619.7999877929688,825.2000122070312,1.0,592.3599853515625,793.8399658203125,1.0,584.52001953125,754.6400146484375,1.0,463.0,836.9600219726562,1.0,455.1600036621094,797.760009765625,1.0,470.8399963378906,758.5599975585938,1.0,321.8800048828125,813.4400024414062,1.0,302.2799987792969,778.1600341796875,1.0,278.760009765625,731.1199951171875,1.0,196.44000244140625,813.4400024414062,1.0,212.1199951171875,778.1600341796875,1.0,212.1199951171875,719.3599853515625,1.0,745.239990234375,640.9600219726562,1.0,682.52001953125,562.5599975585938,1.0,533.5599975585938,558.6400146484375,1.0,298.3599853515625,550.7999877929688,1.0,431.6400146484375,554.719970703125,1.0
0522093645_rgb,54,613.7999877929688,829.7999877929688,1.0,594.7999877929688,795.5999755859375,1.0,587.199951171875,753.7999877929688,1.0,469.3999938964844,833.5999755859375,1.0,454.1999816894531,799.4000244140625,1.0,473.1999816894531,761.4000244140625,1.0,325.0,810.7999877929688,1.0,306.0,780.4000244140625,1.0,290.79998779296875,731.0,1.0,256.5999755859375,814.5999755859375,1.0,260.3999938964844,780.4000244140625,1.0,241.39999389648438,723.4000244140625,1.0,758.2000122070312,639.7999877929688,1.0,697.3999633789062,563.7999877929688,1.0,553.0,563.7999877929688,1.0,309.79998779296875,552.4000244140625,1.0,442.79998779296875,556.2000122070312,1.0
0522093645_rgb,55,611.8599853515625,831.280029296875,1.0,600.2950439453125,796.5849609375,1.0,588.72998046875,758.0350341796875,1.0,465.3699951171875,838.989990234375,1.0,461.5150146484375,800.4400024414062,1.0,480.7900085449219,761.8900146484375,1.0,291.89501953125,812.0050048828125,1.0,280.33001708984375,781.1650390625,1.0,261.05499267578125,727.1950073242188,1.0,326.5899963378906,819.7150268554688,1.0,318.8800048828125,785.02001953125,1.0,303.46002197265625,734.905029296875,1.0,773.77001953125,638.530029296875,1.0,712.0900268554688,565.2850341796875,1.0,565.5999755859375,561.4299926757812,1.0,322.7349853515625,549.864990234375,1.0,449.95001220703125,553.719970703125,1.0
0522093645_rgb,56,617.8399658203125,829.3900146484375,1.0,599.5650024414062,796.4949951171875,1.0,588.5999755859375,756.2900390625,1.0,471.6399841308594,833.0449829101562,1.0,464.3299865722656,796.4949951171875,1.0,486.260009765625,759.9450073242188,1.0,321.7850036621094,814.77001953125,1.0,307.16497802734375,781.875,1.0,285.2349853515625,727.0499877929688,1.0,358.3349914550781,814.77001953125,1.0,343.7149963378906,781.875,1.0,321.7850036621094,741.6699829101562,1.0,782.3150024414062,642.9849853515625,1.0,720.1799926757812,566.22998046875,1.0,577.635009765625,562.5750122070312,1.0,329.0950012207031,551.6099853515625,1.0,464.3299865722656,551.6099853515625,1.0
0522093645_rgb,57,616.1600341796875,828.0800170898438,1.0,597.8599853515625,795.1400146484375,1.0,590.5400390625,754.8800048828125,1.0,466.1000061035156,820.760009765625,1.0,488.05999755859375,795.1400146484375,1.0,521.0,762.2000122070312,1.0,330.67999267578125,817.0999755859375,1.0,308.7200012207031,784.1600341796875,1.0,301.4000244140625,732.9200439453125,1.0,403.8800048828125,824.4200439453125,1.0,385.58001708984375,787.8200073242188,1.0,352.6400146484375,740.239990234375,1.0,799.1600341796875,645.0800170898438,1.0,736.9400024414062,568.219970703125,1.0,586.8800048828125,560.9000244140625,1.0,341.6600036621094,553.5800170898438,1.0,469.760009765625,549.9199829101562,1.0
0522093645_rgb,58,615.6199951171875,825.5599975585938,1.0,597.0700073242188,792.1700439453125,1.0,589.6500244140625,755.0700073242188,1.0,474.6400146484375,810.719970703125,1.0,508.0299987792969,795.8800048828125,1.0,537.7099609375,766.2000122070312,1.0,326.239990234375,818.1400146484375,1.0,315.1099853515625,784.75,1.0,307.69000244140625,729.0999755859375,1.0,422.70001220703125,829.27001953125,1.0,400.44000244140625,792.1700439453125,1.0,367.04998779296875,747.6500244140625,1.0,804.8300170898438,647.47998046875,1.0,745.4700317382812,565.8599853515625,1.0,593.3599853515625,558.4400024414062,1.0,348.5,554.72998046875,1.0,478.3500061035156,554.72998046875,1.0
0522093645_rgb,59,618.0,827.7999877929688,1.0,599.0,793.5999755859375,1.0,599.0,755.5999755859375,1.0,515.4000244140625,805.0,1.0,549.5999755859375,797.4000244140625,1.0,572.4000244140625,774.5999755859375,1.0,321.5999755859375,812.5999755859375,1.0,306.3999938964844,774.5999755859375,1.0,314.0,721.4000244140625,1.0,447.0,827.7999877929688,1.0,420.3999938964844,797.4000244140625,1.0,393.79998779296875,748.0,1.0,815.5999755859375,653.0,1.0,754.7999877929688,569.4000244140625,1.0,602.7999877929688,561.7999877929688,1.0,367.20001220703125,554.2000122070312,1.0,496.3999938964844,554.2000122070312,1.0
0522093645_rgb,60,616.5499877929688,834.324951171875,1.0,601.6500244140625,804.5250244140625,1.0,597.9249877929688,752.375,1.0,538.324951171875,815.699951171875,1.0,568.125,804.5250244140625,1.0,594.199951171875,778.449951171875,1.0,326.0,815.699951171875,1.0,311.0999755859375,778.449951171875,1.0,318.54998779296875,726.2999877929688,1.0,452.6499938964844,830.5999755859375,1.0,426.57501220703125,804.5250244140625,1.0,393.04998779296875,752.375,1.0,825.1499633789062,651.7999877929688,1.0,765.5499877929688,569.8499755859375,1.0,612.824951171875,562.4000244140625,1.0,366.9749755859375,558.6749877929688,1.0,504.79998779296875,554.9500122070312,1.0
0522093645_rgb,61,624.864990234375,836.7650146484375,1.0,597.9500122070312,790.625,1.0,601.7950439453125,759.864990234375,1.0,597.9500122070312,817.5400390625,1.0,628.7099609375,802.1600341796875,1.0,647.9349975585938,763.7099609375,1.0,321.1099853515625,813.6950073242188,1.0,317.2650146484375,775.2449951171875,1.0,328.79998779296875,721.4150390625,1.0,451.8399963378906,836.7650146484375,1.0,428.77001953125,802.1600341796875,1.0,398.010009765625,752.175048828125,1.0,836.3400268554688,652.2050170898438,1.0,774.8200073242188,571.4599609375,1.0,628.7099609375,559.9249877929688,1.0,382.6300048828125,556.0800170898438,1.0,513.3599853515625,556.0800170898438,1.0
0522093645_rgb,62,609.8099975585938,828.8499755859375,1.0,602.3900146484375,795.4599609375,1.0,606.0999755859375,754.6500244140625,1.0,628.3599853515625,817.719970703125,1.0,646.9100341796875,795.4599609375,1.0,658.0400390625,758.3599853515625,1.0,324.1400146484375,817.719970703125,1.0,316.7200012207031,780.6199951171875,1.0,331.55999755859375,728.6799926757812,1.0,450.2799987792969,836.27001953125,1.0,428.02001953125,806.5899658203125,1.0,398.3399963378906,754.6500244140625,1.0,843.5399780273438,654.47998046875,1.0,784.1799926757812,572.8599853515625,1.0,635.780029296875,558.02001953125,1.0,387.21002197265625,561.72998046875,1.0,531.9000244140625,554.3099975585938,1.0
0522093645_rgb,63,616.52001953125,831.5599975585938,1.0,605.3900146484375,798.1700439453125,1.0,609.0999755859375,753.6500244140625,1.0,690.719970703125,831.5599975585938,1.0,698.1400146484375,794.4599609375,1.0,690.719970703125,753.6500244140625,1.0,319.7200012207031,820.4299926757812,1.0,319.7200012207031,783.3300170898438,1.0,338.27001953125,727.6799926757812,1.0,453.2799987792969,835.27001953125,1.0,431.02001953125,801.8800048828125,1.0,405.04998779296875,749.9400024414062,1.0,861.3800048828125,646.0599975585938,1.0,802.02001953125,571.8599853515625,1.0,649.9100341796875,560.72998046875,1.0,401.3399963378906,564.4400024414062,1.0,542.3200073242188,557.02001953125,1.0
0522093645_rgb,64,615.5,832.0,1.0,603.875,797.125,1.0,607.75,750.625,1.0,720.125,832.0,1.0,716.25,789.375,1.0,700.75,746.75,1.0,321.0,820.375,1.0,324.875,781.625,1.0,344.25,723.5,1.0,452.75,832.0,1.0,429.5,801.0,1.0,406.25,750.625,1.0,867.375,649.875,1.0,805.375,568.5,1.0,654.25,560.75,1.0,414.0,560.75,1.0,545.75,553.0,1.0
0522093645_rgb,65,619.47998046875,836.1599731445312,1.0,604.239990234375,798.0599975585938,1.0,615.6699829101562,756.1500244140625,1.0,756.6400146484375,828.5399780273438,1.0,741.3999633789062,786.6300048828125,1.0,718.5399780273438,752.3399658203125,1.0,329.91998291015625,817.1099853515625,1.0,341.3499755859375,779.010009765625,1.0,356.5899963378906,721.8599853515625,1.0,451.8399963378906,836.1599731445312,1.0,428.97998046875,801.8699951171875,1.0,409.92999267578125,748.530029296875,1.0,878.5599975585938,645.6600341796875,1.0,817.5999755859375,569.4599609375,1.0,669.010009765625,561.8399658203125,1.0,421.3599853515625,561.8399658203125,1.0,558.52001953125,554.219970703125,1.0
0522093645_rgb,66,620.0,832.0,1.0,608.375,797.125,1.0,620.0,750.625,1.0,767.25,835.875,1.0,744.0,797.125,1.0,728.5,754.5,1.0,333.25,820.375,1.0,352.625,781.625,1.0,364.25,723.5,1.0,453.375,835.875,1.0,434.0,801.0,1.0,410.75,746.75,1.0,891.25,638.25,1.0,821.5,568.5,1.0,674.25,560.75,1.0,434.0,560.75,1.0,565.75,556.875,1.0
0522093645_rgb,67,613.5,830.7249755859375,1.0,609.6650390625,796.2099609375,1.0,628.8399658203125,754.0250244140625,1.0,766.9000244140625,834.5599975585938,1.0,747.7249755859375,800.0450439453125,1.0,728.550048828125,757.8599853515625,1.0,360.3900146484375,807.7149658203125,1.0,387.2349853515625,777.0350341796875,1.0,379.56500244140625,723.344970703125,1.0,452.42999267578125,838.39501953125,1.0,433.2550048828125,803.8800048828125,1.0,421.75,746.35498046875,1.0,904.9600219726562,635.1400146484375,1.0,828.260009765625,566.1099853515625,1.0,682.530029296875,558.4400024414062,1.0,448.5950012207031,558.4400024414062,1.0,578.9849853515625,558.4400024414062,1.0
0522093645_rgb,68,620.7900390625,833.280029296875,1.0,609.2249755859375,798.5849609375,1.0,632.35498046875,756.1799926757812,1.0,767.280029296875,840.989990234375,1.0,744.1500244140625,806.2950439453125,1.0,736.4400024414062,763.8900146484375,1.0,416.4750061035156,825.5700073242188,1.0,420.33001708984375,783.1650390625,1.0,401.05499267578125,717.6300048828125,1.0,451.16998291015625,837.135009765625,1.0,443.46002197265625,806.2950439453125,1.0,428.0400085449219,752.3250122070312,1.0,913.77001953125,632.8200073242188,1.0,840.5250244140625,563.4299926757812,1.0,697.8900146484375,563.4299926757812,1.0,466.5899963378906,555.719970703125,1.0,589.9500122070312,559.5750122070312,1.0
0522093645_rgb,69,617.1600341796875,833.010009765625,1.0,613.4299926757812,795.7099609375,1.0,635.8099975585938,754.6799926757812,1.0,766.3599853515625,836.739990234375,1.0,743.97998046875,803.1700439453125,1.0,732.7900390625,762.1400146484375,1.0,430.6600036621094,821.8200073242188,1.0,438.1199951171875,780.7900390625,1.0,415.739990234375,721.1099853515625,1.0,460.5,836.739990234375,1.0,449.30999755859375,810.6300048828125,1.0,423.20001220703125,754.6799926757812,1.0,923.02001953125,627.8599853515625,1.0,848.4199829101562,568.1799926757812,1.0,710.4100341796875,560.719970703125,1.0,467.96002197265625,553.260009765625,1.0,602.239990234375,560.719970703125,1.0
0522093645_rgb,70,619.5999755859375,831.7999877929688,1.0,623.4000244140625,797.5999755859375,1.0,642.4000244140625,755.7999877929688,1.0,767.7999877929688,839.3999633789062,1.0,748.7999877929688,801.4000244140625,1.0,733.5999755859375,763.4000244140625,1.0,498.0,824.199951171875,1.0,494.20001220703125,790.0,1.0,471.3999938964844,736.7999877929688,1.0,456.20001220703125,843.2000122070312,1.0,433.3999938964844,805.199951171875,1.0,429.5999755859375,748.199951171875,1.0,938.7999877929688,630.4000244140625,1.0,862.7999877929688,565.7999877929688,1.0,718.4000244140625,558.2000122070312,1.0,475.20001220703125,558.2000122070312,1.0,596.7999877929688,558.2000122070312,1.0
0522093645_rgb,71,616.280029296875,830.3499755859375,1.0,627.7099609375,792.25,1.0,654.3800048828125,757.9599609375,1.0,768.6799926757812,837.969970703125,1.0,745.8200073242188,803.6799926757812,1.0,738.199951171875,765.5799560546875,1.0,524.8399658203125,826.5399780273438,1.0,517.219970703125,788.4400024414062,1.0,479.1199951171875,735.0999755859375,1.0,452.45001220703125,841.7799682617188,1.0,433.3999938964844,803.6799926757812,1.0,429.5899963378906,746.530029296875,1.0,943.9400024414062,628.4199829101562,1.0,867.739990234375,563.6500244140625,1.0,722.9599609375,559.8399658203125,1.0,486.739990234375,556.030029296875,1.0,612.469970703125,552.219970703125,1.0
0522093645_rgb,72,634.97998046875,810.9500122070312,1.0,676.9450073242188,791.875,1.0,707.4649658203125,761.35498046875,1.0,764.6900024414062,841.4700317382812,1.0,749.4299926757812,803.3200073242188,1.0,745.614990234375,765.1700439453125,1.0,570.125,826.2100219726562,1.0,554.864990234375,795.6900024414062,1.0,520.530029296875,734.6500244140625,1.0,455.67498779296875,841.4700317382812,1.0,436.6000061035156,803.3200073242188,1.0,436.6000061035156,742.280029296875,1.0,955.4400024414062,631.64501953125,1.0,882.9550170898438,562.9749755859375,1.0,734.1700439453125,559.1600341796875,1.0,505.27001953125,559.1600341796875,1.0,627.3499755859375,551.530029296875,1.0
0522093645_rgb,73,660.4949951171875,800.52001953125,1.0,705.074951171875,793.0899658203125,1.0,719.9349975585938,759.655029296875,1.0,760.7999877929688,837.6699829101562,1.0,745.9400024414062,804.2349853515625,1.0,753.3699951171875,770.7999877929688,1.0,589.9100341796875,826.5250244140625,1.0,571.3349609375,796.8049926757812,1.0,530.469970703125,737.364990234375,1.0,452.45501708984375,837.6699829101562,1.0,433.8800048828125,804.2349853515625,1.0,441.30999755859375,741.0799560546875,1.0,961.4099731445312,629.6300048828125,1.0,890.8250122070312,562.760009765625,1.0,742.2249755859375,559.0449829101562,1.0,504.4649963378906,559.0449829101562,1.0,634.489990234375,555.3300170898438,1.0
0522093645_rgb,74,696.1500244140625,804.5999755859375,1.0,726.75,789.300048828125,1.0,765.0,747.2249755859375,1.0,765.0,839.0250244140625,1.0,753.5250244140625,808.425048828125,1.0,734.4000244140625,758.7000122070312,1.0,604.3499755859375,827.5499877929688,1.0,585.2249755859375,793.125,1.0,546.9749755859375,735.75,1.0,451.3500061035156,842.8500366210938,1.0,436.04998779296875,804.5999755859375,1.0,443.70001220703125,739.5750122070312,1.0,971.5499877929688,628.6500244140625,1.0,902.7000122070312,559.7999877929688,1.0,749.7000122070312,559.7999877929688,1.0,520.2000122070312,559.7999877929688,1.0,642.5999755859375,552.1500244140625,1.0
0522093645_rgb,75,712.4000244140625,810.5,1.0,739.3499755859375,791.25,1.0,777.8499755859375,748.9000244140625,1.0,766.2999877929688,841.2999877929688,1.0,750.9000244140625,814.3499755859375,1.0,739.3499755859375,764.2999877929688,1.0,608.449951171875,825.8999633789062,1.0,585.3499755859375,791.25,1.0,539.1500244140625,737.3499755859375,1.0,450.5999755859375,841.2999877929688,1.0,435.20001220703125,802.7999877929688,1.0,450.5999755859375,737.3499755859375,1.0,978.0499877929688,633.4000244140625,1.0,908.75,560.25,1.0,758.5999755859375,556.4000244140625,1.0,527.5999755859375,560.25,1.0,643.0999755859375,552.5499877929688,1.0
0522093645_rgb,76,784.7750244140625,805.9749755859375,1.0,807.425048828125,783.3250122070312,1.0,807.425048828125,741.800048828125,1.0,773.4500122070312,843.7250366210938,1.0,750.800048828125,809.75,1.0,750.800048828125,764.4500122070312,1.0,607.3499755859375,824.8499755859375,1.0,584.7000122070312,794.6500244140625,1.0,546.9500122070312,741.800048828125,1.0,448.79998779296875,843.7250366210938,1.0,441.25,802.2000122070312,1.0,460.125,738.0250244140625,1.0,992.4000244140625,636.0999755859375,1.0,924.4500122070312,560.5999755859375,1.0,773.4500122070312,560.5999755859375,1.0,539.4000244140625,560.5999755859375,1.0,667.75,553.0499877929688,1.0
0522093645_rgb,77,799.39501953125,805.5849609375,1.0,830.3150024414062,782.39501953125,1.0,826.4500122070312,739.8800048828125,1.0,772.3399658203125,848.0999755859375,1.0,756.8800048828125,809.4500122070312,1.0,756.8800048828125,763.0700073242188,1.0,610.010009765625,824.9099731445312,1.0,582.9549560546875,793.989990234375,1.0,540.4400024414062,739.8800048828125,1.0,451.54498291015625,840.3699951171875,1.0,443.81500244140625,805.5849609375,1.0,463.1400146484375,736.0150146484375,1.0,996.510009765625,631.6600341796875,1.0,934.6699829101562,562.0899658203125,1.0,780.0700073242188,554.3599853515625,1.0,548.1699829101562,562.0899658203125,1.0,675.7149658203125,554.3599853515625,1.0
0522093645_rgb,78,855.1199951171875,813.4400024414062,1.0,866.8800048828125,778.1600341796875,1.0,851.2000122070312,738.9600219726562,1.0,776.719970703125,840.8800048828125,1.0,757.1199951171875,801.6800537109375,1.0,761.0400390625,758.5599975585938,1.0,612.0800170898438,821.280029296875,1.0,584.6400146484375,793.8399658203125,1.0,549.3599853515625,738.9600219726562,1.0,451.3599853515625,840.8800048828125,1.0,447.44000244140625,801.6800537109375,1.0,470.96002197265625,735.0400390625,1.0,1011.9200439453125,633.1199951171875,1.0,945.280029296875,558.6400146484375,1.0,792.4000244140625,554.719970703125,1.0,561.1199951171875,562.5599975585938,1.0,686.5599975585938,554.719970703125,1.0
0522093645_rgb,79,884.7999877929688,818.7000122070312,1.0,876.760009765625,782.52001953125,1.0,860.6799926757812,742.3200073242188,1.0,768.219970703125,846.8400268554688,1.0,752.1400146484375,806.6400146484375,1.0,756.1600341796875,758.4000244140625,1.0,603.4000244140625,826.739990234375,1.0,583.2999877929688,786.5400390625,1.0,555.1600341796875,742.3200073242188,1.0,458.67999267578125,842.8200073242188,1.0,450.6400146484375,802.6199951171875,1.0,474.760009765625,734.280029296875,1.0,1017.4600219726562,633.780029296875,1.0,949.1199951171875,557.4000244140625,1.0,800.3800048828125,553.3800048828125,1.0,567.219970703125,561.4200439453125,1.0,691.8399658203125,549.3599853515625,1.0
0522093645_rgb,80,904.6749877929688,821.6099853515625,1.0,889.0150146484375,786.375,1.0,873.35498046875,747.2249755859375,1.0,759.8200073242188,841.1849975585938,1.0,755.905029296875,802.0350341796875,1.0,767.6500244140625,758.969970703125,1.0,603.219970703125,825.5250244140625,1.0,579.72998046875,790.2900390625,1.0,560.155029296875,739.39501953125,1.0,462.2799987792969,829.4400024414062,1.0,474.0249938964844,794.2049560546875,1.0,493.6000061035156,727.6500244140625,1.0,1026.0400390625,625.8599853515625,1.0,963.4000244140625,555.3900146484375,1.0,814.6300048828125,555.3900146484375,1.0,575.8150024414062,559.3049926757812,1.0,705.010009765625,555.3900146484375,1.0
0522093645_rgb,81,908.4200439453125,827.3700561523438,1.0,888.3700561523438,787.27001953125,1.0,876.3400268554688,747.1700439453125,1.0,768.070068359375,847.4200439453125,1.0,756.0400390625,803.31005859375,1.0,772.0800170898438,759.2000122070312,1.0,607.6700439453125,823.3600463867188,1.0,583.6099853515625,791.280029296875,1.0,563.5599975585938,739.1500244140625,1.0,475.34002685546875,827.3700561523438,1.0,483.3600158691406,787.27001953125,1.0,507.4200134277344,727.1199951171875,1.0,1036.739990234375,622.8599853515625,1.0,964.56005859375,554.6900024414062,1.0,820.2000122070312,554.6900024414062,1.0,579.5999755859375,558.7000122070312,1.0,715.9400634765625,550.6800537109375,1.0
0522093645_rgb,82,907.2999877929688,822.9299926757812,1.0,887.8250122070312,787.875,1.0,872.2449951171875,752.8200073242188,1.0,767.0799560546875,842.4049682617188,1.0,759.2900390625,803.4549560546875,1.0,774.8699951171875,760.6099853515625,1.0,603.489990234375,826.8250122070312,1.0,587.9100341796875,791.77001953125,1.0,572.3300170898438,741.135009765625,1.0,506.114990234375,830.719970703125,1.0,521.6950073242188,795.6650390625,1.0,525.5899658203125,737.239990234375,1.0,1047.52001953125,620.3900146484375,1.0,973.5150146484375,554.1749877929688,1.0,829.4000244140625,558.0700073242188,1.0,595.7000122070312,558.0700073242188,1.0,728.1300048828125,550.280029296875,1.0
0522093645_rgb,83,909.2000122070312,823.5499877929688,1.0,890.0750122070312,789.125,1.0,874.7750244140625,750.875,1.0,763.8499755859375,838.8500366210938,1.0,763.8499755859375,800.5999755859375,1.0,779.1500244140625,762.3499755859375,1.0,603.2000122070312,827.375,1.0,587.9000244140625,792.9500122070312,1.0,580.25,739.4000244140625,1.0,534.3499755859375,827.375,1.0,542.0,792.9500122070312,1.0,538.1749877929688,727.925048828125,1.0,1046.9000244140625,624.6500244140625,1.0,981.875,555.7999877929688,1.0,840.3499755859375,555.7999877929688,1.0,603.2000122070312,555.7999877929688,1.0,733.25,555.7999877929688,1.0
0522093645_rgb,84,909.469970703125,822.1749877929688,1.0,890.9449462890625,792.5350341796875,1.0,876.125,751.780029296875,1.0,768.6799926757812,840.7000122070312,1.0,764.9749755859375,799.9449462890625,1.0,783.5,759.1900024414062,1.0,598.25,818.469970703125,1.0,579.7249755859375,803.6500244140625,1.0,576.02001953125,755.4849853515625,1.0,613.0700073242188,833.2899780273438,1.0,609.364990234375,792.5350341796875,1.0,587.135009765625,729.5499877929688,1.0,1053.9649658203125,625.8099975585938,1.0,990.97998046875,551.7099609375,1.0,846.4849853515625,559.1199951171875,1.0,609.364990234375,555.4149780273438,1.0,742.7449951171875,551.7099609375,1.0
0522093645_rgb,85,907.8400268554688,822.0400390625,1.0,886.0,789.280029296875,1.0,875.0800170898438,752.8800048828125,1.0,765.8800048828125,843.8800048828125,1.0,765.8800048828125,803.8400268554688,1.0,787.719970703125,760.1600341796875,1.0,598.4400024414062,822.0400390625,1.0,591.1600341796875,792.9200439453125,1.0,572.9600219726562,731.0400390625,1.0,631.2000122070312,825.6800537109375,1.0,627.5599975585938,789.280029296875,1.0,609.3599853515625,734.6800537109375,1.0,1064.360107421875,621.8399658203125,1.0,998.8400268554688,552.6799926757812,1.0,853.239990234375,556.3200073242188,1.0,616.6400146484375,556.3200073242188,1.0,747.6800537109375,552.6799926757812,1.0
0522093645_rgb,86,910.0799560546875,819.9599609375,1.0,888.4199829101562,791.0799560546875,1.0,877.5899658203125,751.3699951171875,1.0,765.6799926757812,834.4000244140625,1.0,772.9000244140625,794.68994140625,1.0,801.780029296875,758.5899658203125,1.0,614.0599975585938,827.1799926757812,1.0,592.4000244140625,791.0799560546875,1.0,588.7899780273438,736.9299926757812,1.0,679.0399780273438,830.7899780273438,1.0,664.5999755859375,794.68994140625,1.0,632.1099853515625,740.5399780273438,1.0,1076.139892578125,617.7999877929688,1.0,1011.1599731445312,545.5999755859375,1.0,866.760009765625,552.8200073242188,1.0,628.5,556.4299926757812,1.0,762.0699462890625,549.2099609375,1.0
0522093645_rgb,87,907.375,822.5150146484375,1.0,889.4000244140625,790.1600341796875,1.0,878.614990234375,750.614990234375,1.0,767.1700439453125,829.7050170898438,1.0,788.739990234375,793.7550048828125,1.0,817.5,761.4000244140625,1.0,601.7999877929688,826.1099853515625,1.0,587.4199829101562,790.1600341796875,1.0,587.4199829101562,732.6400146484375,1.0,698.864990234375,829.7050170898438,1.0,680.8900146484375,797.3499755859375,1.0,652.1300048828125,747.02001953125,1.0,1083.530029296875,617.5999755859375,1.0,1015.2249755859375,549.2949829101562,1.0,875.02001953125,552.8900146484375,1.0,637.75,560.0800170898438,1.0,770.7650146484375,549.2949829101562,1.0
0522093645_rgb,88,904.3499755859375,820.7999877929688,1.0,885.9749755859375,787.7249755859375,1.0,885.9749755859375,747.2999877929688,1.0,790.4249877929688,806.0999755859375,1.0,827.1749877929688,795.074951171875,1.0,845.5499877929688,769.3499755859375,1.0,603.0,824.4749755859375,1.0,591.9749755859375,787.7249755859375,1.0,595.6500244140625,732.5999755859375,1.0,738.9749755859375,831.824951171875,1.0,713.25,802.4249877929688,1.0,672.8250122070312,747.2999877929688,1.0,1091.77490234375,615.0,1.0,1025.625,545.1749877929688,1.0,882.2999877929688,552.5250244140625,1.0,654.4500122070312,556.2000122070312,1.0,786.75,548.8499755859375,1.0
0522093645_rgb,89,907.7999877929688,821.5250244140625,1.0,889.2249755859375,791.8049926757812,1.0,889.2249755859375,747.2249755859375,1.0,807.4949951171875,810.3800048828125,1.0,840.9299926757812,795.52001953125,1.0,863.219970703125,769.5150146484375,1.0,603.1699829101562,825.239990234375,1.0,592.0250244140625,791.8049926757812,1.0,599.4550170898438,732.364990234375,1.0,748.0549926757812,832.6699829101562,1.0,722.0499877929688,802.949951171875,1.0,684.9000244140625,750.9400024414062,1.0,1100.97998046875,617.199951171875,1.0,1034.1099853515625,542.9000244140625,1.0,892.9400024414062,550.3300170898438,1.0,658.89501953125,557.760009765625,1.0,788.9199829101562,550.3300170898438,1.0
0522093645_rgb,90,907.1400146484375,824.280029296875,1.0,903.4100341796875,790.7099609375,1.0,881.030029296875,753.4100341796875,1.0,847.4599609375,801.9000244140625,1.0,877.2999877929688,786.97998046875,1.0,914.5999755859375,764.5999755859375,1.0,601.280029296875,824.280029296875,1.0,593.8200073242188,786.97998046875,1.0,605.010009765625,731.030029296875,1.0,754.2099609375,839.2000122070312,1.0,731.8299560546875,809.3599853515625,1.0,694.530029296875,753.4100341796875,1.0,1108.56005859375,619.1300048828125,1.0,1045.1500244140625,540.7999877929688,1.0,903.4100341796875,548.260009765625,1.0,668.4199829101562,563.1799926757812,1.0,802.7000122070312,548.260009765625,1.0
0522093645_rgb,91,900.074951171875,821.1749877929688,1.0,877.844970703125,784.125,1.0,881.5499877929688,747.074951171875,1.0,866.72998046875,810.0599975585938,1.0,911.1900024414062,791.5350341796875,1.0,926.010009765625,750.780029296875,1.0,599.969970703125,824.8800048828125,1.0,592.5599975585938,787.8299560546875,1.0,607.3800048828125,728.5499877929688,1.0,744.4649658203125,835.9949951171875,1.0,722.2349853515625,802.6500244140625,1.0,692.594970703125,754.4849853515625,1.0,1111.260009765625,617.4000244140625,1.0,1051.97998046875,543.2999877929688,1.0,911.1900024414062,547.0050048828125,1.0,674.0700073242188,561.8250122070312,1.0,803.7449951171875,550.7099609375,1.0
0522093645_rgb,92,903.050048828125,826.7900390625,1.0,892.0400390625,790.0899658203125,1.0,895.7100219726562,749.719970703125,1.0,936.0800170898438,819.4500122070312,1.0,947.0899658203125,790.0899658203125,1.0,958.0999755859375,749.719970703125,1.0,605.780029296875,826.7900390625,1.0,594.77001953125,790.0899658203125,1.0,613.1199951171875,731.3699951171875,1.0,748.9100341796875,837.7999877929688,1.0,726.8900146484375,804.77001953125,1.0,701.2000122070312,753.3900146484375,1.0,1126.9200439453125,617.5999755859375,1.0,1064.530029296875,544.2000122070312,1.0,921.4000244140625,547.8699951171875,1.0,682.8499755859375,562.5499877929688,1.0,814.969970703125,551.5400390625,1.0
0522093645_rgb,93,908.0999755859375,825.2000122070312,1.0,885.9000244140625,791.9000244140625,1.0,889.5999755859375,747.5,1.0,948.800048828125,810.4000244140625,1.0,971.0,780.800048828125,1.0,971.0,736.4000244140625,1.0,608.4000244140625,825.2000122070312,1.0,601.0,788.2000122070312,1.0,623.2000122070312,729.0,1.0,745.2999877929688,832.5999755859375,1.0,723.0999755859375,799.300048828125,1.0,700.9000244140625,754.9000244140625,1.0,1130.10009765625,618.0,1.0,1067.199951171875,544.0,1.0,926.5999755859375,551.4000244140625,1.0,693.5,562.5,1.0,819.300048828125,551.4000244140625,1.0
0522093645_rgb,94,909.199951171875,822.875,1.0,890.574951171875,789.3499755859375,1.0,898.0250244140625,748.375,1.0,1006.0499877929688,811.699951171875,1.0,1006.0499877929688,774.449951171875,1.0,991.1500244140625,737.199951171875,1.0,603.75,826.5999755859375,1.0,607.4749755859375,785.625,1.0,626.0999755859375,726.0250244140625,1.0,749.0250244140625,834.0499877929688,1.0,722.9500122070312,804.25,1.0,704.3250122070312,755.824951171875,1.0,1143.875,618.0,1.0,1080.550048828125,539.7750244140625,1.0,939.0,547.2249755859375,1.0,708.0499877929688,558.4000244140625,1.0,834.699951171875,550.9500122070312,1.0
0522093645_rgb,95,906.1500244140625,823.9099731445312,1.0,886.8250122070312,789.125,1.0,898.4200439453125,746.6099853515625,1.0,1022.0999755859375,816.1799926757812,1.0,1014.3699951171875,777.530029296875,1.0,998.9099731445312,738.8800048828125,1.0,612.4100341796875,823.9099731445312,1.0,612.4100341796875,785.260009765625,1.0,635.5999755859375,723.4200439453125,1.0,747.6849975585938,835.5050048828125,1.0,724.4949951171875,804.5849609375,1.0,705.1699829101562,750.4749755859375,1.0,1145.780029296875,615.2000122070312,1.0,1083.93994140625,537.9000244140625,1.0,944.7999877929688,545.6300048828125,1.0,716.7650146484375,561.0899658203125,1.0,840.4450073242188,549.4949951171875,1.0
0522093645_rgb,96,905.8800048828125,822.239990234375,1.0,894.2999877929688,787.5,1.0,905.8800048828125,745.0399780273438,1.0,1040.97998046875,822.239990234375,1.0,1021.6799926757812,783.6400146484375,1.0,1006.239990234375,745.0399780273438,1.0,620.239990234375,818.3800048828125,1.0,635.6799926757812,779.780029296875,1.0,647.260009765625,721.8800048828125,1.0,751.47998046875,837.6799926757812,1.0,724.4599609375,806.7999877929688,1.0,709.02001953125,748.9000244140625,1.0,1160.639892578125,613.7999877929688,1.0,1095.02001953125,536.5999755859375,1.0,952.199951171875,544.3200073242188,1.0,728.3200073242188,559.760009765625,1.0,851.8399658203125,548.1799926757812,1.0
0522093645_rgb,97,903.239990234375,825.3499755859375,1.0,891.8099975585938,787.25,1.0,910.8599853515625,745.3399658203125,1.0,1044.2099609375,821.5399780273438,1.0,1025.159912109375,791.0599975585938,1.0,1009.9199829101562,745.3399658203125,1.0,632.72998046875,821.5399780273438,1.0,640.3499755859375,783.4400024414062,1.0,651.780029296875,722.47998046875,1.0,747.030029296875,840.5899658203125,1.0,724.1699829101562,802.489990234375,1.0,712.739990234375,749.1500244140625,1.0,1162.320068359375,615.7999877929688,1.0,1101.3599853515625,539.5999755859375,1.0,960.3900146484375,547.219970703125,1.0,727.97998046875,554.8399658203125,1.0,861.3299560546875,551.030029296875,1.0
0522093645_rgb,98,905.4599609375,822.5499877929688,1.0,898.0,785.25,1.0,912.9200439453125,747.9500122070312,1.0,1039.739990234375,818.8200073242188,1.0,1017.3599853515625,788.97998046875,1.0,1009.9000244140625,747.9500122070312,1.0,666.739990234375,818.8200073242188,1.0,677.9299926757812,781.52001953125,1.0,674.2000122070312,721.8399658203125,1.0,745.0700073242188,837.4700317382812,1.0,726.4199829101562,803.9000244140625,1.0,715.22998046875,744.219970703125,1.0,1174.02001953125,617.4000244140625,1.0,1110.6099853515625,542.7999877929688,1.0,972.5999755859375,550.260009765625,1.0,741.3399658203125,557.719970703125,1.0,871.8900146484375,550.260009765625,1.0
0522093645_rgb,99,908.5,821.4749755859375,1.0,897.4450073242188,784.625,1.0,915.8699951171875,747.7750244140625,1.0,1041.1600341796875,825.1600341796875,1.0,1022.7349853515625,791.9949951171875,1.0,1011.6799926757812,751.4599609375,1.0,694.77001953125,817.7899780273438,1.0,702.1400146484375,780.9400024414062,1.0,683.7149658203125,721.97998046875,1.0,742.6749877929688,836.2149658203125,1.0,727.9349975585938,803.0499877929688,1.0,720.5650024414062,744.0899658203125,1.0,1181.18994140625,618.7999877929688,1.0,1114.8599853515625,545.0999755859375,1.0,982.199951171875,552.469970703125,1.0,746.3599853515625,556.155029296875,1.0,879.02001953125,552.469970703125,1.0
0522093645_rgb,100,909.6400146484375,819.800048828125,1.0,902.280029296875,786.6800537109375,1.0,917.0,746.2000122070312,1.0,1045.800048828125,823.47998046875,1.0,1023.719970703125,794.0400390625,1.0,1012.6800537109375,753.5599975585938,1.0,733.0,819.800048828125,1.0,740.3599853515625,779.3200073242188,1.0,710.9199829101562,716.760009765625,1.0,755.0800170898438,841.8800048828125,1.0,751.4000244140625,805.0800170898438,1.0,725.6400146484375,749.8800048828125,1.0,1189.320068359375,624.760009765625,1.0,1130.43994140625,543.7999877929688,1.0,994.280029296875,551.1600341796875,1.0,758.760009765625,554.8400268554688,1.0,891.239990234375,551.1600341796875,1.0
0522093645_rgb,101,907.8200073242188,817.9749755859375,1.0,904.2349853515625,785.7099609375,1.0,918.5750122070312,746.2750244140625,1.0,1044.050048828125,821.5599975585938,1.0,1022.5400390625,792.8800048828125,1.0,1015.3699951171875,749.8599853515625,1.0,764.4199829101562,803.635009765625,1.0,757.25,778.5400390625,1.0,742.9100341796875,721.1799926757812,1.0,750.0800170898438,835.9000244140625,1.0,724.9849853515625,803.635009765625,1.0,714.22998046875,749.8599853515625,1.0,1198.205078125,624.385009765625,1.0,1137.260009765625,549.0999755859375,1.0,1001.030029296875,549.0999755859375,1.0,760.8350219726562,556.27001953125,1.0,897.0650024414062,552.6849975585938,1.0
0522093645_rgb,102,904.75,820.2000122070312,1.0,908.3250122070312,784.4500122070312,1.0,929.7750244140625,748.7000122070312,1.0,1047.75,820.2000122070312,1.0,1026.300048828125,791.5999755859375,1.0,1019.1500244140625,748.7000122070312,1.0,818.9500122070312,816.625,1.0,804.6500244140625,784.4500122070312,1.0,768.9000244140625,734.4000244140625,1.0,751.0250244140625,834.5,1.0,733.1500244140625,802.3250122070312,1.0,729.5750122070312,745.125,1.0,1212.199951171875,627.1500244140625,1.0,1151.425048828125,548.5,1.0,1008.425048828125,548.5,1.0,768.9000244140625,555.6500244140625,1.0,904.75,548.5,1.0
0522093645_rgb,103,907.719970703125,820.8399658203125,1.0,911.2850341796875,781.625,1.0,939.8049926757812,749.5400390625,1.0,1043.18994140625,824.405029296875,1.0,1025.364990234375,792.3200073242188,1.0,1021.800048828125,749.5400390625,1.0,843.5499877929688,820.8399658203125,1.0,832.85498046875,788.7550048828125,1.0,786.510009765625,735.280029296875,1.0,747.2949829101562,838.6650390625,1.0,733.0350341796875,803.0150146484375,1.0,729.469970703125,742.4100341796875,1.0,1214.31005859375,628.3300170898438,1.0,1157.27001953125,546.3350219726562,1.0,1014.6700439453125,549.9000244140625,1.0,775.8150024414062,557.030029296875,1.0,911.2850341796875,549.9000244140625,1.0
0522093645_rgb,104,914.4000244140625,800.75,1.0,951.1500244140625,786.0499877929688,1.0,976.875,752.9749755859375,1.0,1043.0250244140625,822.7999877929688,1.0,1024.6500244140625,793.4000244140625,1.0,1024.6500244140625,749.2999877929688,1.0,870.2999877929688,815.449951171875,1.0,855.5999755859375,782.375,1.0,818.8499755859375,734.5999755859375,1.0,745.3499755859375,837.5,1.0,726.9749755859375,804.4249877929688,1.0,734.3250122070312,734.5999755859375,1.0,1223.0999755859375,624.3499755859375,1.0,1164.300048828125,543.5,1.0,1020.9749755859375,547.1749877929688,1.0,785.7750244140625,554.5250244140625,1.0,921.75,550.8499755859375,1.0
0522093645_rgb,105,942.5,786.75,1.0,982.375,779.5,1.0,1004.125,746.875,1.0,1044.0,823.0,1.0,1025.875,794.0,1.0,1036.75,757.75,1.0,891.75,815.75,1.0,866.375,786.75,1.0,822.875,728.75,1.0,746.75,841.125,1.0,732.25,804.875,1.0,739.5,736.0,1.0,1232.5,627.25,1.0,1174.5,547.5,1.0,1029.5,547.5,1.0,790.25,558.375,1.0,920.75,551.125,1.0
0522093645_rgb,106,975.0,792.7999877929688,1.0,1007.4000244140625,774.7999877929688,1.0,1036.199951171875,738.7999877929688,1.0,1047.0,821.5999755859375,1.0,1029.0,796.4000244140625,1.0,1025.4000244140625,760.4000244140625,1.0,888.5999755859375,810.7999877929688,1.0,870.5999755859375,782.0,1.0,834.5999755859375,735.199951171875,1.0,744.5999755859375,839.5999755859375,1.0,733.7999877929688,803.5999755859375,1.0,744.5999755859375,735.199951171875,1.0,1241.39990234375,627.199951171875,1.0,1183.800048828125,544.4000244140625,1.0,1039.800048828125,548.0,1.0,798.5999755859375,558.7999877929688,1.0,939.0,548.0,1.0
0522093645_rgb,107,992.1600341796875,801.97998046875,1.0,1020.7999877929688,776.9199829101562,1.0,1053.02001953125,737.5399780273438,1.0,1042.280029296875,823.4599609375,1.0,1027.9599609375,801.97998046875,1.0,1020.7999877929688,755.4400024414062,1.0,891.9199829101562,809.1400146484375,1.0,866.8599853515625,780.5,1.0,827.47998046875,733.9599609375,1.0,748.719970703125,837.780029296875,1.0,734.4000244140625,805.5599975585938,1.0,748.719970703125,733.9599609375,1.0,1242.760009765625,626.5599975585938,1.0,1189.06005859375,544.219970703125,1.0,1049.43994140625,547.7999877929688,1.0,806.0,562.1199951171875,1.0,942.0399780273438,551.3800048828125,1.0
0522093645_rgb,108,1010.5399780273438,792.52001953125,1.0,1053.6199951171875,778.1600341796875,1.0,1060.800048828125,742.260009765625,1.0,1046.43994140625,828.4199829101562,1.0,1024.9000244140625,806.8800048828125,1.0,1024.9000244140625,753.030029296875,1.0,888.47998046875,810.469970703125,1.0,866.9400024414062,778.1600341796875,1.0,831.0399780273438,735.0799560546875,1.0,748.469970703125,839.1900024414062,1.0,737.7000122070312,803.2899780273438,1.0,752.0599975585938,735.0799560546875,1.0,1247.47998046875,627.3800048828125,1.0,1197.219970703125,544.8099975585938,1.0,1053.6199951171875,548.4000244140625,1.0,813.0899658203125,559.1699829101562,1.0,953.0999755859375,548.4000244140625,1.0
0522093645_rgb,109,1066.205078125,792.4400024414062,1.0,1091.43994140625,774.4150390625,1.0,1095.0450439453125,734.760009765625,1.0,1048.179931640625,824.885009765625,1.0,1030.155029296875,796.0450439453125,1.0,1033.760009765625,749.1799926757812,1.0,896.77001953125,806.8599853515625,1.0,871.5350341796875,781.625,1.0,831.8800048828125,734.760009765625,1.0,748.9650268554688,842.9100341796875,1.0,738.1500244140625,803.2550048828125,1.0,756.1749877929688,734.760009765625,1.0,1264.47998046875,626.6099853515625,1.0,1206.800048828125,543.6950073242188,1.0,1062.5999755859375,547.2999877929688,1.0,824.6699829101562,558.114990234375,1.0,965.2650146484375,550.905029296875,1.0
0522093645_rgb,110,1115.800048828125,807.800048828125,1.0,1126.75,774.9500122070312,1.0,1119.449951171875,731.1500244140625,1.0,1042.800048828125,826.050048828125,1.0,1031.8499755859375,793.2000122070312,1.0,1035.5,749.4000244140625,1.0,889.5,807.800048828125,1.0,867.5999755859375,778.5999755859375,1.0,838.4000244140625,731.1500244140625,1.0,750.7999877929688,837.0,1.0,743.5,800.5,1.0,765.4000244140625,734.800048828125,1.0,1276.4000244140625,621.6500244140625,1.0,1218.0,545.0,1.0,1072.0,545.0,1.0,838.4000244140625,559.5999755859375,1.0,969.800048828125,552.2999877929688,1.0
0522093645_rgb,111,1146.8800048828125,809.3200073242188,1.0,1139.3599853515625,771.719970703125,1.0,1128.0799560546875,730.3599853515625,1.0,1045.3599853515625,828.1199951171875,1.0,1026.56005859375,794.280029296875,1.0,1041.5999755859375,749.1600341796875,1.0,891.2000122070312,809.3200073242188,1.0,864.8800048828125,779.239990234375,1.0,838.5599975585938,726.5999755859375,1.0,752.0800170898438,843.1599731445312,1.0,748.3200073242188,801.7999877929688,1.0,770.8800048828125,726.5999755859375,1.0,1278.47998046875,621.3200073242188,1.0,1222.080078125,538.5999755859375,1.0,1079.199951171875,546.1199951171875,1.0,846.0800170898438,553.6400146484375,1.0,981.4400024414062,546.1199951171875,1.0
0522093645_rgb,112,1162.800048828125,812.4100341796875,1.0,1151.489990234375,774.7099609375,1.0,1140.179931640625,733.239990234375,1.0,1042.1600341796875,831.260009765625,1.0,1034.6199951171875,793.5599975585938,1.0,1042.1600341796875,748.3200073242188,1.0,883.8200073242188,808.6400146484375,1.0,864.969970703125,774.7099609375,1.0,842.3499755859375,729.469970703125,1.0,755.6400146484375,835.0299682617188,1.0,759.4099731445312,793.5599975585938,1.0,778.260009765625,725.7000122070312,1.0,1290.97998046875,620.1400146484375,1.0,1230.659912109375,537.2000122070312,1.0,1087.4000244140625,544.739990234375,1.0,861.2000122070312,556.0499877929688,1.0,989.3800048828125,548.510009765625,1.0
0522093645_rgb,113,1173.699951171875,805.905029296875,1.0,1147.4150390625,775.864990234375,1.0,1136.1500244140625,738.3150024414062,1.0,1046.030029296875,824.6800537109375,1.0,1034.7650146484375,790.885009765625,1.0,1046.030029296875,749.5800170898438,1.0,895.8300170898438,809.6600341796875,1.0,873.2999877929688,779.6199951171875,1.0,850.77001953125,730.8050537109375,1.0,760.6500244140625,843.4550170898438,1.0,768.1600341796875,802.1500244140625,1.0,786.9349975585938,723.2950439453125,1.0,1293.860107421875,621.9100341796875,1.0,1233.780029296875,539.2999877929688,1.0,1091.090087890625,546.8099975585938,1.0,865.7900390625,554.3200073242188,1.0,993.4600219726562,546.8099975585938,1.0
0522093645_rgb,114,1162.6400146484375,808.6799926757812,1.0,1151.4200439453125,775.02001953125,1.0,1136.4599609375,737.6199951171875,1.0,1042.9599609375,827.3800048828125,1.0,1035.47998046875,789.97998046875,1.0,1050.43994140625,748.8399658203125,1.0,893.3599853515625,808.6799926757812,1.0,870.9199829101562,778.760009765625,1.0,852.219970703125,733.8800048828125,1.0,773.6799926757812,819.9000244140625,1.0,792.3800048828125,789.97998046875,1.0,799.8599853515625,722.6600341796875,1.0,1304.760009765625,617.9400024414062,1.0,1241.179931640625,539.4000244140625,1.0,1102.800048828125,546.8800048828125,1.0,878.4000244140625,554.3599853515625,1.0,1005.5599975585938,546.8800048828125,1.0
0522093645_rgb,115,1167.175048828125,810.7650146484375,1.0,1148.6500244140625,777.4199829101562,1.0,1133.8299560546875,740.3699951171875,1.0,1044.9100341796875,825.5849609375,1.0,1037.5,792.239990234375,1.0,1052.320068359375,747.780029296875,1.0,889.2999877929688,810.7650146484375,1.0,870.7750244140625,781.125,1.0,855.9550170898438,729.2550048828125,1.0,800.3800048828125,821.8800048828125,1.0,811.4949951171875,788.5350341796875,1.0,811.4949951171875,725.5499877929688,1.0,1311.669921875,621.8099975585938,1.0,1248.68505859375,540.2999877929688,1.0,1107.89501953125,547.7099609375,1.0,881.8900146484375,555.1199951171875,1.0,1011.5650024414062,547.7099609375,1.0
0522093645_rgb,116,1164.4000244140625,811.800048828125,1.0,1149.5999755859375,778.5,1.0,1138.5,741.5,1.0,1042.300048828125,826.5999755859375,1.0,1038.5999755859375,789.5999755859375,1.0,1053.4000244140625,752.5999755859375,1.0,894.2999877929688,808.0999755859375,1.0,868.4000244140625,789.5999755859375,1.0,872.0999755859375,734.0999755859375,1.0,842.5,815.5,1.0,846.2000122070312,778.5,1.0,827.7000122070312,719.300048828125,1.0,1319.800048828125,619.4000244140625,1.0,1256.9000244140625,541.7000122070312,1.0,1116.300048828125,545.4000244140625,1.0,890.5999755859375,552.7999877929688,1.0,1023.800048828125,545.4000244140625,1.0
0522093645_rgb,117,1166.4000244140625,809.25,1.0,1148.6500244140625,780.8499755859375,1.0,1138.0,745.3499755859375,1.0,1045.699951171875,823.449951171875,1.0,1038.5999755859375,787.949951171875,1.0,1059.9000244140625,748.9000244140625,1.0,882.4000244140625,805.699951171875,1.0,861.0999755859375,780.8499755859375,1.0,857.5499877929688,738.25,1.0,861.0999755859375,819.9000244140625,1.0,885.9500122070312,773.75,1.0,857.5499877929688,716.949951171875,1.0,1322.5999755859375,624.6500244140625,1.0,1265.800048828125,543.0,1.0,1123.800048828125,550.0999755859375,1.0,896.5999755859375,550.0999755859375,1.0,1031.5,550.0999755859375,1.0
0522093645_rgb,118,1167.8499755859375,808.25,1.0,1146.550048828125,779.8499755859375,1.0,1135.9000244140625,740.7999877929688,1.0,1043.5999755859375,826.0,1.0,1040.050048828125,786.949951171875,1.0,1064.9000244140625,747.9000244140625,1.0,883.8499755859375,811.7999877929688,1.0,873.2000122070312,779.8499755859375,1.0,855.4500122070312,723.0499877929688,1.0,919.3499755859375,815.3499755859375,1.0,912.25,779.8499755859375,1.0,898.0499877929688,726.5999755859375,1.0,1334.699951171875,620.0999755859375,1.0,1274.3499755859375,542.0,1.0,1135.9000244140625,545.5499877929688,1.0,901.5999755859375,549.0999755859375,1.0,1036.5,545.5499877929688,1.0
0522093645_rgb,119,1165.72998046875,807.8499755859375,1.0,1144.6700439453125,779.77001953125,1.0,1134.1400146484375,737.6500244140625,1.0,1049.9000244140625,821.8900146484375,1.0,1046.3900146484375,786.7900390625,1.0,1063.93994140625,748.1799926757812,1.0,888.4400024414062,811.3599853515625,1.0,870.8900146484375,779.77001953125,1.0,863.8699951171875,727.1199951171875,1.0,937.5800170898438,814.8699951171875,1.0,930.5599975585938,779.77001953125,1.0,909.5,734.1400146484375,1.0,1337.719970703125,625.3299560546875,1.0,1281.56005859375,544.5999755859375,1.0,1141.1600341796875,548.1099853515625,1.0,905.989990234375,551.6199951171875,1.0,1046.3900146484375,548.1099853515625,1.0
0522093645_rgb,120,1172.1400146484375,805.989990234375,1.0,1147.7449951171875,781.594970703125,1.0,1137.2900390625,739.7750244140625,1.0,1046.679931640625,816.4449462890625,1.0,1053.6500244140625,785.0799560546875,1.0,1081.530029296875,750.22998046875,1.0,893.3399658203125,812.9599609375,1.0,875.9149780273438,781.594970703125,1.0,872.4299926757812,722.3499755859375,1.0,976.97998046875,819.9299926757812,1.0,963.0399780273438,781.594970703125,1.0,935.1599731445312,736.2899780273438,1.0,1342.905029296875,624.77001953125,1.0,1287.14501953125,541.1300048828125,1.0,1151.22998046875,548.0999755859375,1.0,914.25,548.0999755859375,1.0,1053.6500244140625,541.1300048828125,1.0
0522093645_rgb,121,1168.800048828125,806.7100219726562,1.0,1147.4100341796875,778.1900024414062,1.0,1140.280029296875,738.9749755859375,1.0,1047.5899658203125,806.7100219726562,1.0,1068.97998046875,785.3200073242188,1.0,1101.06494140625,756.800048828125,1.0,897.8599853515625,810.2750244140625,1.0,876.469970703125,778.1900024414062,1.0,876.469970703125,724.7149658203125,1.0,997.6799926757812,824.5350341796875,1.0,976.2900390625,788.885009765625,1.0,947.77001953125,742.5400390625,1.0,1347.050048828125,621.3300170898438,1.0,1290.010009765625,542.9000244140625,1.0,1154.5400390625,546.4649658203125,1.0,919.25,550.030029296875,1.0,1054.719970703125,550.030029296875,1.0
0522093645_rgb,122,1166.75,807.75,1.0,1145.0,778.75,1.0,1148.625,738.875,1.0,1054.375,800.5,1.0,1087.0,789.625,1.0,1108.75,757.0,1.0,894.875,811.375,1.0,876.75,775.125,1.0,876.75,720.75,1.0,1018.125,825.875,1.0,992.75,793.25,1.0,960.125,742.5,1.0,1351.625,619.25,1.0,1293.625,539.5,1.0,1155.875,546.75,1.0,923.875,550.375,1.0,1058.0,546.75,1.0
0522093645_rgb,123,1171.260009765625,806.949951171875,1.0,1156.97998046875,778.3900146484375,1.0,1164.1199951171875,731.97998046875,1.0,1085.5799560546875,796.239990234375,1.0,1121.280029296875,785.530029296875,1.0,1142.699951171875,760.5399780273438,1.0,892.7999877929688,810.52001953125,1.0,874.9500122070312,778.3900146484375,1.0,885.6600341796875,721.27001953125,1.0,1028.4599609375,828.3699951171875,1.0,1003.469970703125,796.239990234375,1.0,971.3399658203125,742.6900024414062,1.0,1360.469970703125,617.739990234375,1.0,1303.3499755859375,539.2000122070312,1.0,1164.1199951171875,546.3399658203125,1.0,928.5,553.47998046875,1.0,1074.8699951171875,546.3399658203125,1.0
0522093645_rgb,124,1165.800048828125,812.7999877929688,1.0,1137.4000244140625,773.75,1.0,1140.949951171875,741.7999877929688,1.0,1123.199951171875,798.5999755859375,1.0,1162.25,777.2999877929688,1.0,1183.550048828125,748.9000244140625,1.0,888.9000244140625,812.7999877929688,1.0,878.25,780.8499755859375,1.0,888.9000244140625,720.5,1.0,1027.3499755859375,830.5499877929688,1.0,1006.0499877929688,798.5999755859375,1.0,974.0999755859375,748.9000244140625,1.0,1364.5999755859375,621.0999755859375,1.0,1314.89990234375,543.0,1.0,1172.9000244140625,543.0,1.0,938.5999755859375,553.6500244140625,1.0,1077.050048828125,546.5499877929688,1.0
0522093645_rgb,125,1164.3699951171875,808.1500244140625,1.0,1146.9200439453125,776.739990234375,1.0,1146.9200439453125,738.3499755859375,1.0,1164.3699951171875,797.6799926757812,1.0,1185.31005859375,780.22998046875,1.0,1202.760009765625,741.8399658203125,1.0,888.6600341796875,811.6400146484375,1.0,878.1900024414062,776.739990234375,1.0,892.1500244140625,720.9000244140625,1.0,1024.77001953125,825.5999755859375,1.0,1000.3399658203125,794.1900024414062,1.0,972.4199829101562,745.3299560546875,1.0,1370.280029296875,619.6900024414062,1.0,1317.929931640625,546.4000244140625,1.0,1181.820068359375,546.4000244140625,1.0,944.5,556.8699951171875,1.0,1087.5899658203125,546.4000244140625,1.0
0522093645_rgb,126,1171.0,814.5,1.0,1153.5,779.5,1.0,1153.5,737.5,1.0,1206.0,807.5,1.0,1220.0,776.0,1.0,1220.0,734.0,1.0,891.0,811.0,1.0,880.5,776.0,1.0,898.0,720.0,1.0,1027.5,825.0,1.0,1003.0,793.5,1.0,978.5,744.5,1.0,1381.0,622.0,1.0,1325.0,545.0,1.0,1188.5,545.0,1.0,954.0,555.5,1.0,1094.0,545.0,1.0
0522093645_rgb,127,1169.800048828125,809.875,1.0,1152.175048828125,778.1500244140625,1.0,1155.699951171875,735.8499755859375,1.0,1226.199951171875,806.3499755859375,1.0,1236.7750244140625,771.0999755859375,1.0,1240.300048828125,732.3250122070312,1.0,887.7999877929688,809.875,1.0,884.2750244140625,774.625,1.0,901.9000244140625,714.7000122070312,1.0,1021.75,823.9749755859375,1.0,1000.5999755859375,792.25,1.0,975.9249877929688,746.425048828125,1.0,1381.300048828125,623.050048828125,1.0,1331.949951171875,545.5,1.0,1198.0,545.5,1.0,961.8250122070312,556.0750122070312,1.0,1102.824951171875,545.5,1.0
0522093645_rgb,128,1170.719970703125,809.7899780273438,1.0,1152.294921875,776.625,1.0,1155.97998046875,736.0899658203125,1.0,1244.419921875,809.7899780273438,1.0,1251.7900390625,769.2550048828125,1.0,1244.419921875,728.719970703125,1.0,890.6600341796875,813.4749755859375,1.0,886.9749755859375,776.625,1.0,905.4000244140625,713.97998046875,1.0,1023.3200073242188,828.2149658203125,1.0,1001.2099609375,795.0499877929688,1.0,979.0999755859375,743.4599609375,1.0,1391.820068359375,625.5400390625,1.0,1336.544921875,544.469970703125,1.0,1196.5150146484375,544.469970703125,1.0,971.72998046875,551.8399658203125,1.0,1104.3900146484375,544.469970703125,1.0
0522093645_rgb,129,1167.449951171875,811.1300048828125,1.0,1148.9749755859375,777.875,1.0,1163.7550048828125,737.22998046875,1.0,1281.9949951171875,807.4349975585938,1.0,1274.60498046875,770.4849853515625,1.0,1263.52001953125,729.8399658203125,1.0,890.3250122070312,811.1300048828125,1.0,890.3250122070312,770.4849853515625,1.0,908.7999877929688,715.0599975585938,1.0,1023.344970703125,825.9100341796875,1.0,1001.1749877929688,792.655029296875,1.0,982.7000122070312,740.9249877929688,1.0,1396.5400390625,618.989990234375,1.0,1344.81005859375,545.0899658203125,1.0,1208.094970703125,545.0899658203125,1.0,990.0899658203125,552.47998046875,1.0,1115.719970703125,545.0899658203125,1.0
0522093645_rgb,130,1175.449951171875,809.4349975585938,1.0,1156.9749755859375,779.875,1.0,1168.06005859375,735.5350341796875,1.0,1297.385009765625,813.1300048828125,1.0,1278.9100341796875,776.1799926757812,1.0,1271.52001953125,735.5350341796875,1.0,894.6300048828125,809.4349975585938,1.0,894.6300048828125,768.7899780273438,1.0,916.7999877929688,709.6699829101562,1.0,1023.9550170898438,824.2149658203125,1.0,1005.47998046875,790.9599609375,1.0,983.3099975585938,739.22998046875,1.0,1408.2349853515625,620.989990234375,1.0,1352.81005859375,543.39501953125,1.0,1219.7900390625,547.0899658203125,1.0,1009.1749877929688,550.7849731445312,1.0,1127.4150390625,547.0899658203125,1.0
0522093645_rgb,131,1173.429931640625,809.114990234375,1.0,1158.81005859375,776.219970703125,1.0,1169.7750244140625,736.0150146484375,1.0,1297.699951171875,812.77001953125,1.0,1279.425048828125,779.875,1.0,1268.4599609375,739.6699829101562,1.0,895.6500244140625,809.114990234375,1.0,899.3049926757812,772.5650024414062,1.0,921.2349853515625,714.0849609375,1.0,1023.5750122070312,827.3900146484375,1.0,1001.64501953125,794.4949951171875,1.0,987.0250244140625,743.324951171875,1.0,1414.659912109375,622.7099609375,1.0,1359.8349609375,545.9550170898438,1.0,1224.5999755859375,545.9550170898438,1.0,1012.6099853515625,549.6099853515625,1.0,1129.570068359375,549.6099853515625,1.0
0522093645_rgb,132,1171.9200439453125,811.0700073242188,1.0,1161.10498046875,778.625,1.0,1171.9200439453125,738.969970703125,1.0,1301.699951171875,814.6749877929688,1.0,1280.070068359375,782.22998046875,1.0,1272.8599853515625,738.969970703125,1.0,912.3599853515625,807.4649658203125,1.0,923.1749877929688,771.4150390625,1.0,933.989990234375,717.3399658203125,1.0,1020.510009765625,829.094970703125,1.0,1006.0899658203125,796.6500244140625,1.0,991.6699829101562,742.5750122070312,1.0,1424.27001953125,623.6099853515625,1.0,1373.800048828125,544.2999877929688,1.0,1236.81005859375,547.905029296875,1.0,1020.510009765625,551.510009765625,1.0,1146.68505859375,547.905029296875,1.0
0522093645_rgb,133,1171.0,807.719970703125,1.0,1160.260009765625,775.5,1.0,1174.5799560546875,739.699951171875,1.0,1299.8800048828125,814.8800048828125,1.0,1281.97998046875,782.6600341796875,1.0,1271.239990234375,743.280029296875,1.0,934.719970703125,807.719970703125,1.0,941.8800048828125,771.9199829101562,1.0,949.0399780273438,714.6400146484375,1.0,1020.6400146484375,825.6199951171875,1.0,1006.3200073242188,793.4000244140625,1.0,995.5800170898438,739.699951171875,1.0,1432.3399658203125,625.1400146484375,1.0,1378.6400146484375,549.9599609375,1.0,1249.760009765625,546.3800048828125,1.0,1027.800048828125,549.9599609375,1.0,1156.679931640625,549.9599609375,1.0
0522093645_rgb,134,1171.4300537109375,811.2249755859375,1.0,1160.824951171875,775.875,1.0,1178.5,740.5250244140625,1.0,1302.2249755859375,814.760009765625,1.0,1281.0150146484375,782.9450073242188,1.0,1277.47998046875,740.5250244140625,1.0,973.469970703125,804.155029296875,1.0,984.0750122070312,772.3399658203125,1.0,969.9349975585938,712.2449951171875,1.0,1022.9600219726562,828.9000244140625,1.0,1005.2850341796875,797.0850219726562,1.0,1005.2850341796875,736.989990234375,1.0,1440.090087890625,623.8699951171875,1.0,1383.530029296875,546.0999755859375,1.0,1256.27001953125,546.0999755859375,1.0,1037.0999755859375,553.1699829101562,1.0,1164.3599853515625,546.0999755859375,1.0
0522093645_rgb,135,1167.1400146484375,810.5750122070312,1.0,1163.594970703125,775.125,1.0,1181.320068359375,739.675048828125,1.0,1301.8499755859375,814.1199951171875,1.0,1280.580078125,782.2149658203125,1.0,1273.489990234375,743.219970703125,1.0,989.8900146484375,807.030029296875,1.0,996.97998046875,771.5800170898438,1.0,979.2550048828125,711.3150024414062,1.0,1018.25,831.844970703125,1.0,1011.1600341796875,803.4849853515625,1.0,1007.614990234375,739.675048828125,1.0,1450.739990234375,629.780029296875,1.0,1394.02001953125,544.7000122070312,1.0,1259.31005859375,544.7000122070312,1.0,1039.52001953125,551.7900390625,1.0,1167.1400146484375,548.2449951171875,1.0
0522093645_rgb,136,1161.199951171875,809.875,1.0,1164.7249755859375,774.625,1.0,1189.4000244140625,739.375,1.0,1302.199951171875,813.4000244140625,1.0,1281.050048828125,781.675048828125,1.0,1277.5250244140625,742.9000244140625,1.0,1051.925048828125,806.3499755859375,1.0,1044.875,774.625,1.0,1020.2000122070312,711.175048828125,1.0,1023.7249755859375,831.0250244140625,1.0,1006.0999755859375,799.300048828125,1.0,995.5250244140625,739.375,1.0,1464.35009765625,630.0999755859375,1.0,1407.949951171875,545.5,1.0,1266.949951171875,545.5,1.0,1055.449951171875,545.5,1.0,1175.300048828125,545.5,1.0
0522093645_rgb,137,1173.679931640625,810.9599609375,1.0,1170.1949462890625,772.625,1.0,1194.5899658203125,737.7750244140625,1.0,1306.1099853515625,810.9599609375,1.0,1285.199951171875,779.594970703125,1.0,1278.22998046875,741.260009765625,1.0,1069.1300048828125,810.9599609375,1.0,1065.64501953125,776.1099853515625,1.0,1037.7650146484375,723.8349609375,1.0,1034.280029296875,835.35498046875,1.0,1009.885009765625,800.5050048828125,1.0,999.4299926757812,734.2899780273438,1.0,1466.419921875,622.77001953125,1.0,1410.659912109375,546.0999755859375,1.0,1271.260009765625,546.0999755859375,1.0,1058.675048828125,546.0999755859375,1.0,1180.6500244140625,546.0999755859375,1.0
0522093645_rgb,138,1169.989990234375,803.3099975585938,1.0,1194.2449951171875,772.125,1.0,1218.5,744.405029296875,1.0,1301.6600341796875,817.1699829101562,1.0,1287.800048828125,782.52001953125,1.0,1287.800048828125,740.9400024414062,1.0,1118.0150146484375,810.239990234375,1.0,1104.155029296875,779.0549926757812,1.0,1066.0400390625,723.614990234375,1.0,1027.925048828125,831.030029296875,1.0,1007.135009765625,799.844970703125,1.0,1007.135009765625,730.5449829101562,1.0,1474.909912109375,623.1300048828125,1.0,1419.469970703125,546.9000244140625,1.0,1287.800048828125,546.9000244140625,1.0,1062.574951171875,546.9000244140625,1.0,1190.780029296875,546.9000244140625,1.0
0522093645_rgb,139,1177.675048828125,791.1500244140625,1.0,1212.2249755859375,777.3299560546875,1.0,1232.9549560546875,746.2349853515625,1.0,1302.054931640625,815.3349609375,1.0,1284.780029296875,784.239990234375,1.0,1284.780029296875,742.780029296875,1.0,1132.760009765625,808.4249877929688,1.0,1112.030029296875,777.3299560546875,1.0,1077.47998046875,722.0499877929688,1.0,1022.2000122070312,829.155029296875,1.0,1004.9249877929688,794.60498046875,1.0,1008.3800048828125,728.9599609375,1.0,1478.260009765625,625.3099975585938,1.0,1429.8900146484375,549.2999877929688,1.0,1291.68994140625,549.2999877929688,1.0,1074.0250244140625,549.2999877929688,1.0,1194.949951171875,545.844970703125,1.0
0522093645_rgb,140,1220.68505859375,779.22998046875,1.0,1256.7349853515625,772.02001953125,1.0,1271.155029296875,739.5750122070312,1.0,1303.5999755859375,815.280029296875,1.0,1285.574951171875,786.4400024414062,1.0,1296.3900146484375,750.3900146484375,1.0,1144.97998046875,808.0700073242188,1.0,1126.9549560546875,775.625,1.0,1090.905029296875,728.760009765625,1.0,1022.4100341796875,826.094970703125,1.0,1004.385009765625,793.6500244140625,1.0,1015.2000122070312,725.155029296875,1.0,1491.06005859375,624.2149658203125,1.0,1440.590087890625,548.510009765625,1.0,1296.3900146484375,541.2999877929688,1.0,1083.695068359375,548.510009765625,1.0,1202.6600341796875,541.2999877929688,1.0
0522093645_rgb,141,1244.5,785.3200073242188,1.0,1269.455078125,767.4949951171875,1.0,1305.10498046875,731.844970703125,1.0,1301.5400390625,813.8399658203125,1.0,1287.280029296875,788.885009765625,1.0,1280.1500244140625,749.6700439453125,1.0,1151.81005859375,806.7100219726562,1.0,1130.4200439453125,778.1900024414062,1.0,1094.77001953125,728.280029296875,1.0,1023.469970703125,831.6650390625,1.0,1009.2100219726562,796.0150146484375,1.0,1019.905029296875,724.7149658203125,1.0,1497.614990234375,624.89501953125,1.0,1444.1400146484375,550.030029296875,1.0,1305.10498046875,546.4649658203125,1.0,1087.6400146484375,550.030029296875,1.0,1201.719970703125,546.4649658203125,1.0
0522093645_rgb,142,1267.2750244140625,789.594970703125,1.0,1313.489990234375,771.8200073242188,1.0,1320.5999755859375,732.7149658203125,1.0,1306.3800048828125,814.47998046875,1.0,1285.050048828125,793.1500244140625,1.0,1285.050048828125,743.3800048828125,1.0,1149.9599609375,807.3699951171875,1.0,1132.18505859375,775.375,1.0,1093.0799560546875,729.1600341796875,1.0,1025.5350341796875,832.2550048828125,1.0,1011.3150024414062,796.7050170898438,1.0,1025.5350341796875,725.60498046875,1.0,1505.4599609375,626.0650024414062,1.0,1455.68994140625,551.4100341796875,1.0,1313.489990234375,544.2999877929688,1.0,1093.0799560546875,551.4100341796875,1.0,1217.5050048828125,544.2999877929688,1.0
0522093645_rgb,143,1312.5999755859375,789.4000244140625,1.0,1327.0,771.4000244140625,1.0,1330.5999755859375,739.0,1.0,1298.199951171875,821.7999877929688,1.0,1283.800048828125,793.0,1.0,1291.0,749.7999877929688,1.0,1150.5999755859375,807.4000244140625,1.0,1129.0,775.0,1.0,1096.5999755859375,728.199951171875,1.0,1024.5999755859375,832.5999755859375,1.0,1013.7999877929688,796.5999755859375,1.0,1031.800048828125,721.0,1.0,1514.199951171875,627.4000244140625,1.0,1463.800048828125,548.2000122070312,1.0,1319.800048828125,544.5999755859375,1.0,1103.800048828125,551.7999877929688,1.0,1226.199951171875,548.2000122070312,1.0
0522093645_rgb,144,1350.25,800.52001953125,1.0,1368.300048828125,771.6400146484375,1.0,1368.300048828125,731.9299926757812,1.0,1296.0999755859375,822.1799926757812,1.0,1281.6600341796875,786.0799560546875,1.0,1296.0999755859375,749.97998046875,1.0,1151.699951171875,807.739990234375,1.0,1126.429931640625,778.8599853515625,1.0,1101.1600341796875,728.3199462890625,1.0,1028.9599609375,829.4000244140625,1.0,1014.52001953125,793.2999877929688,1.0,1032.5699462890625,721.0999755859375,1.0,1523.530029296875,630.8499755859375,1.0,1476.5999755859375,547.8200073242188,1.0,1332.199951171875,544.2099609375,1.0,1108.3800048828125,551.4299926757812,1.0,1234.72998046875,544.2099609375,1.0
0522093645_rgb,145,1377.800048828125,802.4600219726562,1.0,1385.1199951171875,765.8599853515625,1.0,1377.800048828125,729.260009765625,1.0,1297.280029296875,820.760009765625,1.0,1282.6400146484375,787.8200073242188,1.0,1297.280029296875,747.5599975585938,1.0,1150.8800048828125,806.1199951171875,1.0,1128.9200439453125,773.1800537109375,1.0,1099.6400146484375,725.5999755859375,1.0,1026.43994140625,831.739990234375,1.0,1019.1199951171875,791.47998046875,1.0,1041.0799560546875,718.280029296875,1.0,1531.52001953125,630.4400024414062,1.0,1480.280029296875,549.9199829101562,1.0,1333.8800048828125,546.260009765625,1.0,1117.93994140625,549.9199829101562,1.0,1238.719970703125,549.9199829101562,1.0
0522093645_rgb,146,1419.300048828125,803.4949951171875,1.0,1408.364990234375,767.0449829101562,1.0,1393.7850341796875,730.594970703125,1.0,1299.0150146484375,821.719970703125,1.0,1288.0799560546875,785.27001953125,1.0,1302.6600341796875,748.8200073242188,1.0,1149.5699462890625,807.1400146484375,1.0,1127.699951171875,777.97998046875,1.0,1105.8299560546875,726.9500122070312,1.0,1025.6400146484375,829.010009765625,1.0,1025.6400146484375,785.27001953125,1.0,1047.510009765625,719.6600341796875,1.0,1543.22998046875,632.1799926757812,1.0,1492.199951171875,548.344970703125,1.0,1346.4000244140625,544.7000122070312,1.0,1127.699951171875,551.989990234375,1.0,1251.6300048828125,548.344970703125,1.0
0522093645_rgb,147,1426.89990234375,804.4199829101562,1.0,1412.1600341796875,774.9400024414062,1.0,1393.7349853515625,738.0899658203125,1.0,1301.6099853515625,819.1600341796875,1.0,1290.554931640625,785.9949951171875,1.0,1301.6099853515625,745.4599609375,1.0,1154.2099609375,808.10498046875,1.0,1132.0999755859375,774.9400024414062,1.0,1113.675048828125,723.3499755859375,1.0,1036.2900390625,819.1600341796875,1.0,1043.6600341796875,778.625,1.0,1062.0849609375,715.97998046875,1.0,1552.18994140625,634.9100341796875,1.0,1507.969970703125,553.8399658203125,1.0,1360.570068359375,546.469970703125,1.0,1135.7850341796875,546.469970703125,1.0,1268.445068359375,546.469970703125,1.0
0522093645_rgb,148,1418.780029296875,805.1099853515625,1.0,1404.0999755859375,772.0800170898438,1.0,1389.4200439453125,735.3800048828125,1.0,1301.3399658203125,819.7900390625,1.0,1290.330078125,783.0899658203125,1.0,1308.679931640625,742.719970703125,1.0,1154.5400390625,808.780029296875,1.0,1132.52001953125,775.75,1.0,1117.8399658203125,720.7000122070312,1.0,1044.43994140625,816.1199951171875,1.0,1055.449951171875,783.0899658203125,1.0,1070.1300048828125,717.030029296875,1.0,1558.239990234375,632.6199951171875,1.0,1510.530029296875,551.8800048828125,1.0,1367.4000244140625,548.2100219726562,1.0,1143.530029296875,548.2100219726562,1.0,1268.31005859375,548.2100219726562,1.0
0522093645_rgb,149,1424.3599853515625,804.3599853515625,1.0,1406.6600341796875,772.5,1.0,1392.5,737.0999755859375,1.0,1304.0,818.52001953125,1.0,1293.3800048828125,786.6600341796875,1.0,1311.0799560546875,747.719970703125,1.0,1148.239990234375,807.9000244140625,1.0,1134.0799560546875,776.0400390625,1.0,1127.0,726.47998046875,1.0,1077.43994140625,811.4400024414062,1.0,1091.5999755859375,779.5799560546875,1.0,1084.52001953125,719.4000244140625,1.0,1565.9599609375,634.4400024414062,1.0,1519.93994140625,556.5599975585938,1.0,1378.3399658203125,549.47998046875,1.0,1148.239990234375,549.47998046875,1.0,1282.760009765625,549.47998046875,1.0
0522093645_rgb,150,1421.0150146484375,805.6900024414062,1.0,1403.3399658203125,773.875,1.0,1392.7349853515625,738.5250244140625,1.0,1304.3599853515625,819.8300170898438,1.0,1293.7550048828125,788.0150146484375,1.0,1311.4300537109375,749.1300048828125,1.0,1148.820068359375,805.6900024414062,1.0,1141.75,777.4100341796875,1.0,1134.6800537109375,724.385009765625,1.0,1106.4000244140625,809.2249755859375,1.0,1106.4000244140625,777.4100341796875,1.0,1095.7950439453125,717.3150024414062,1.0,1573.02001953125,639.5450439453125,1.0,1523.530029296875,558.239990234375,1.0,1382.1300048828125,551.1699829101562,1.0,1162.9599609375,544.0999755859375,1.0,1290.219970703125,547.635009765625,1.0
0522093645_rgb,151,1420.56005859375,806.2000122070312,1.0,1402.9599609375,774.52001953125,1.0,1392.4000244140625,735.7999877929688,1.0,1300.8800048828125,820.280029296875,1.0,1297.3599853515625,785.0799560546875,1.0,1314.9599609375,746.3599853515625,1.0,1138.9599609375,802.6799926757812,1.0,1131.9200439453125,774.52001953125,1.0,1114.3199462890625,714.6799926757812,1.0,1163.5999755859375,806.2000122070312,1.0,1160.0799560546875,774.52001953125,1.0,1149.52001953125,718.2000122070312,1.0,1578.9599609375,640.760009765625,1.0,1533.199951171875,556.280029296875,1.0,1392.4000244140625,549.239990234375,1.0,1167.1199951171875,545.719970703125,1.0,1300.8800048828125,542.2000122070312,1.0
0522093645_rgb,152,1421.6199951171875,804.175048828125,1.0,1404.094970703125,772.6300048828125,1.0,1393.580078125,734.0750122070312,1.0,1302.449951171875,818.1950073242188,1.0,1298.945068359375,783.14501953125,1.0,1316.469970703125,744.5900268554688,1.0,1148.22998046875,804.175048828125,1.0,1134.2099609375,772.6300048828125,1.0,1123.695068359375,716.550048828125,1.0,1176.27001953125,811.18505859375,1.0,1176.27001953125,772.6300048828125,1.0,1162.25,720.0550537109375,1.0,1586.35498046875,642.9450073242188,1.0,1540.7900390625,558.8250122070312,1.0,1400.590087890625,548.3099975585938,1.0,1176.27001953125,541.2999877929688,1.0,1302.449951171875,544.8049926757812,1.0
0522093645_rgb,153,1420.510009765625,804.8800048828125,1.0,1403.2349853515625,773.7850341796875,1.0,1396.324951171875,735.780029296875,1.0,1303.0400390625,811.7899780273438,1.0,1309.949951171875,777.239990234375,1.0,1337.5899658203125,742.6900024414062,1.0,1154.4749755859375,804.8800048828125,1.0,1133.7449951171875,773.7850341796875,1.0,1133.7449951171875,715.0499877929688,1.0,1223.574951171875,811.7899780273438,1.0,1213.2099609375,777.239990234375,1.0,1185.5699462890625,725.4149780273438,1.0,1593.260009765625,639.0399780273438,1.0,1551.800048828125,556.1199951171875,1.0,1406.68994140625,545.7550048828125,1.0,1182.114990234375,545.7550048828125,1.0,1309.949951171875,542.2999877929688,1.0
0522093645_rgb,154,1422.7650146484375,802.7249755859375,1.0,1402.155029296875,775.2449951171875,1.0,1395.2850341796875,734.0250244140625,1.0,1309.4100341796875,806.1600341796875,1.0,1319.7149658203125,775.2449951171875,1.0,1354.06494140625,747.7650146484375,1.0,1151.4000244140625,806.1600341796875,1.0,1134.2249755859375,775.2449951171875,1.0,1137.6600341796875,716.8499755859375,1.0,1247.5799560546875,809.594970703125,1.0,1230.405029296875,775.2449951171875,1.0,1199.489990234375,730.5899658203125,1.0,1601.385009765625,641.280029296875,1.0,1556.72998046875,558.8399658203125,1.0,1412.4599609375,545.0999755859375,1.0,1192.6199951171875,545.0999755859375,1.0,1309.4100341796875,545.0999755859375,1.0
0522093645_rgb,155,1422.0999755859375,802.300048828125,1.0,1401.4000244140625,774.7000122070312,1.0,1404.8499755859375,729.8499755859375,1.0,1325.5,795.4000244140625,1.0,1363.449951171875,781.5999755859375,1.0,1387.5999755859375,757.4500122070312,1.0,1153.0,805.75,1.0,1132.300048828125,774.7000122070312,1.0,1139.199951171875,716.050048828125,1.0,1280.6500244140625,812.6500244140625,1.0,1259.949951171875,785.050048828125,1.0,1228.9000244140625,736.75,1.0,1608.4000244140625,636.7000122070312,1.0,1567.0,553.9000244140625,1.0,1422.0999755859375,543.5499877929688,1.0,1194.4000244140625,547.0,1.0,1322.050048828125,540.0999755859375,1.0
0522093645_rgb,156,1423.260009765625,802.989990234375,1.0,1409.3199462890625,778.594970703125,1.0,1419.7750244140625,729.8049926757812,1.0,1339.6199951171875,796.02001953125,1.0,1374.469970703125,782.0799560546875,1.0,1395.3800048828125,754.199951171875,1.0,1151.429931640625,802.989990234375,1.0,1134.0050048828125,771.625,1.0,1144.4599609375,712.3800048828125,1.0,1287.344970703125,813.4449462890625,1.0,1266.43505859375,782.0799560546875,1.0,1238.554931640625,736.7750244140625,1.0,1614.93505859375,635.7099609375,1.0,1569.6300048828125,552.0700073242188,1.0,1426.7449951171875,545.0999755859375,1.0,1203.7049560546875,548.5849609375,1.0,1325.679931640625,545.0999755859375,1.0
0522093645_rgb,157,1419.9599609375,805.0399780273438,1.0,1405.719970703125,762.3200073242188,1.0,1402.1600341796875,733.8399658203125,1.0,1284.679931640625,805.0399780273438,1.0,1270.43994140625,787.239990234375,1.0,1448.43994140625,740.9599609375,1.0,1149.4000244140625,808.5999755859375,1.0,1138.719970703125,773.0,1.0,1149.4000244140625,712.47998046875,1.0,1291.800048828125,826.4000244140625,1.0,1266.8800048828125,812.1600341796875,1.0,1241.9599609375,740.9599609375,1.0,1619.320068359375,637.719970703125,1.0,1580.159912109375,552.280029296875,1.0,1434.199951171875,541.5999755859375,1.0,1213.47998046875,548.719970703125,1.0,1334.52001953125,541.5999755859375,1.0
0522093645_rgb,158,1423.9599609375,810.760009765625,1.0,1402.1199951171875,774.3599853515625,1.0,1405.760009765625,734.3200073242188,1.0,1416.6800537109375,792.56005859375,1.0,1442.1600341796875,774.3599853515625,1.0,1460.3599853515625,741.5999755859375,1.0,1147.320068359375,807.1199951171875,1.0,1136.4000244140625,770.719970703125,1.0,1147.320068359375,712.47998046875,1.0,1292.9200439453125,818.0400390625,1.0,1267.43994140625,785.280029296875,1.0,1241.9599609375,737.9600219726562,1.0,1627.800048828125,643.3200073242188,1.0,1584.1199951171875,552.3200073242188,1.0,1438.52001953125,541.4000244140625,1.0,1223.760009765625,548.6799926757812,1.0,1336.5999755859375,541.4000244140625,1.0
0522093645_rgb,159,1424.669921875,808.0599975585938,1.0,1410.31005859375,775.75,1.0,1413.9000244140625,736.260009765625,1.0,1464.1600341796875,797.2899780273438,1.0,1478.52001953125,768.5699462890625,1.0,1485.699951171875,729.0799560546875,1.0,1148.239990234375,808.0599975585938,1.0,1137.469970703125,772.1600341796875,1.0,1155.4200439453125,714.719970703125,1.0,1295.429931640625,815.239990234375,1.0,1270.300048828125,786.52001953125,1.0,1245.1700439453125,739.8499755859375,1.0,1636.47998046875,635.739990234375,1.0,1596.989990234375,553.1699829101562,1.0,1449.800048828125,542.4000244140625,1.0,1230.81005859375,549.5800170898438,1.0,1349.280029296875,542.4000244140625,1.0
0522093645_rgb,160,1424.4000244140625,807.050048828125,1.0,1406.5250244140625,774.875,1.0,1413.675048828125,735.550048828125,1.0,1481.5999755859375,803.4749755859375,1.0,1499.4749755859375,771.300048828125,1.0,1495.9000244140625,731.9749755859375,1.0,1145.550048828125,807.050048828125,1.0,1138.4000244140625,767.7249755859375,1.0,1159.8499755859375,710.5250244140625,1.0,1292.125,814.2000122070312,1.0,1267.0999755859375,782.0250244140625,1.0,1245.6500244140625,739.125,1.0,1646.050048828125,639.0250244140625,1.0,1603.1500244140625,553.2249755859375,1.0,1460.1500244140625,542.5,1.0,1238.5,549.6500244140625,1.0,1352.9000244140625,542.5,1.0
0522093645_rgb,161,1419.1199951171875,810.4000244140625,1.0,1408.199951171875,774.0,1.0,1415.47998046875,733.9600219726562,1.0,1535.5999755859375,803.1199951171875,1.0,1531.9599609375,766.719970703125,1.0,1521.0400390625,726.6800537109375,1.0,1149.760009765625,806.760009765625,1.0,1146.1199951171875,766.719970703125,1.0,1164.320068359375,712.1199951171875,1.0,1295.3599853515625,817.6800537109375,1.0,1269.8800048828125,784.9200439453125,1.0,1251.6800537109375,737.5999755859375,1.0,1659.360107421875,635.6800537109375,1.0,1615.679931640625,551.9600219726562,1.0,1470.080078125,544.6799926757812,1.0,1251.6800537109375,551.9600219726562,1.0,1368.1600341796875,544.6799926757812,1.0
0522093645_rgb,162,1424.6600341796875,806.7850341796875,1.0,1406.43505859375,770.3349609375,1.0,1417.3699951171875,733.885009765625,1.0,1552.2349853515625,803.1400146484375,1.0,1541.300048828125,766.6900024414062,1.0,1526.719970703125,730.239990234375,1.0,1147.6400146484375,803.1400146484375,1.0,1151.2850341796875,763.0449829101562,1.0,1173.155029296875,708.3699951171875,1.0,1293.43994140625,817.719970703125,1.0,1267.925048828125,784.9150390625,1.0,1249.699951171875,733.885009765625,1.0,1665.22998046875,635.469970703125,1.0,1617.844970703125,551.635009765625,1.0,1475.68994140625,540.7000122070312,1.0,1256.989990234375,547.989990234375,1.0,1373.6300048828125,544.344970703125,1.0
0522093645_rgb,163,1425.9000244140625,807.800048828125,1.0,1411.0999755859375,774.5,1.0,1422.199951171875,733.800048828125,1.0,1562.800048828125,807.800048828125,1.0,1544.300048828125,774.5,1.0,1533.199951171875,733.800048828125,1.0,1155.800048828125,800.4000244140625,1.0,1163.199951171875,759.7000122070312,1.0,1185.4000244140625,704.2000122070312,1.0,1292.699951171875,818.9000244140625,1.0,1270.5,785.5999755859375,1.0,1255.699951171875,733.800048828125,1.0,1681.199951171875,637.5999755859375,1.0,1629.4000244140625,548.7999877929688,1.0,1481.4000244140625,541.4000244140625,1.0,1270.5,548.7999877929688,1.0,1392.5999755859375,541.4000244140625,1.0
0522093645_rgb,164,1424.0400390625,807.0799560546875,1.0,1409.0,773.239990234375,1.0,1424.0400390625,735.6400146484375,1.0,1566.919921875,807.0799560546875,1.0,1544.3599853515625,773.239990234375,1.0,1536.8399658203125,735.6400146484375,1.0,1160.8399658203125,803.3200073242188,1.0,1175.8800048828125,761.9599609375,1.0,1190.9200439453125,705.5599975585938,1.0,1292.43994140625,822.1199951171875,1.0,1273.6400146484375,784.52001953125,1.0,1251.0799560546875,735.6400146484375,1.0,1679.719970703125,630.3599853515625,1.0,1634.5999755859375,547.6400146484375,1.0,1491.719970703125,540.1199951171875,1.0,1277.4000244140625,547.6400146484375,1.0,1397.719970703125,543.8800048828125,1.0
0522093645_rgb,165,1417.0,807.4600219726562,1.0,1413.31005859375,774.25,1.0,1431.760009765625,737.3499755859375,1.0,1564.60009765625,807.4600219726562,1.0,1546.1500244140625,774.25,1.0,1535.080078125,737.3499755859375,1.0,1188.219970703125,792.7000122070312,1.0,1206.6700439453125,759.489990234375,1.0,1210.3599853515625,707.8300170898438,1.0,1291.5400390625,818.530029296875,1.0,1269.4000244140625,789.010009765625,1.0,1262.02001953125,733.6600341796875,1.0,1697.43994140625,630.3399658203125,1.0,1642.090087890625,549.1600341796875,1.0,1505.56005859375,541.780029296875,1.0,1287.8499755859375,545.469970703125,1.0,1417.0,541.780029296875,1.0
0522093645_rgb,166,1416.300048828125,804.875,1.0,1416.300048828125,773.1500244140625,1.0,1433.925048828125,737.9000244140625,1.0,1564.3499755859375,808.4000244140625,1.0,1543.199951171875,773.1500244140625,1.0,1536.1500244140625,737.9000244140625,1.0,1218.9000244140625,797.8250122070312,1.0,1225.949951171875,762.5750122070312,1.0,1225.949951171875,709.7000122070312,1.0,1289.4000244140625,822.5,1.0,1268.25,787.25,1.0,1264.7249755859375,734.375,1.0,1698.300048828125,628.625,1.0,1645.425048828125,547.5499877929688,1.0,1515.0,544.0250244140625,1.0,1289.4000244140625,547.5499877929688,1.0,1419.824951171875,544.0250244140625,1.0
0522093645_rgb,167,1418.449951171875,805.175048828125,1.0,1414.945068359375,770.125,1.0,1435.9749755859375,738.5800170898438,1.0,1565.6600341796875,808.6800537109375,1.0,1548.135009765625,773.6300048828125,1.0,1544.6300048828125,738.5800170898438,1.0,1264.22998046875,805.175048828125,1.0,1271.239990234375,766.6199951171875,1.0,1253.7149658203125,703.530029296875,1.0,1292.27001953125,822.7000122070312,1.0,1285.260009765625,794.6600341796875,1.0,1271.239990234375,735.0750122070312,1.0,1716.375,626.4200439453125,1.0,1660.2950439453125,545.8049926757812,1.0,1523.5999755859375,542.2999877929688,1.0,1306.2900390625,549.3099975585938,1.0,1432.469970703125,542.2999877929688,1.0
0522093645_rgb,168,1420.5699462890625,802.824951171875,1.0,1424.06494140625,767.875,1.0,1438.044921875,736.4199829101562,1.0,1563.864990234375,806.3199462890625,1.0,1542.89501953125,774.864990234375,1.0,1539.4000244140625,736.4199829101562,1.0,1301.739990234375,792.3399658203125,1.0,1294.75,764.3800048828125,1.0,1270.2850341796875,701.469970703125,1.0,1291.2550048828125,823.7949829101562,1.0,1263.2950439453125,795.8349609375,1.0,1273.780029296875,736.4199829101562,1.0,1721.139892578125,624.5799560546875,1.0,1665.219970703125,547.6900024414062,1.0,1532.409912109375,547.6900024414062,1.0,1308.72998046875,547.6900024414062,1.0,1434.550048828125,547.6900024414062,1.0
0522093645_rgb,169,1422.219970703125,801.4249877929688,1.0,1425.675048828125,766.875,1.0,1453.31494140625,739.2349853515625,1.0,1567.3299560546875,804.8800048828125,1.0,1546.5999755859375,773.7850341796875,1.0,1546.5999755859375,735.780029296875,1.0,1339.300048828125,801.4249877929688,1.0,1335.844970703125,766.875,1.0,1308.2049560546875,715.0499877929688,1.0,1290.929931640625,822.155029296875,1.0,1273.655029296875,791.0599975585938,1.0,1270.199951171875,725.4149780273438,1.0,1733.169921875,621.7650146484375,1.0,1677.8900146484375,542.2999877929688,1.0,1539.68994140625,542.2999877929688,1.0,1315.114990234375,549.2099609375,1.0,1449.8599853515625,542.2999877929688,1.0
0522093645_rgb,170,1419.5999755859375,797.6300048828125,1.0,1440.27001953125,770.0699462890625,1.0,1467.8299560546875,739.0650024414062,1.0,1564.2900390625,807.9649658203125,1.0,1550.510009765625,776.9599609375,1.0,1547.06494140625,739.0650024414062,1.0,1364.47998046875,804.52001953125,1.0,1350.699951171875,770.0699462890625,1.0,1323.1400146484375,721.8399658203125,1.0,1292.135009765625,825.1900024414062,1.0,1271.4649658203125,790.739990234375,1.0,1274.9100341796875,725.2850341796875,1.0,1736.5400390625,618.489990234375,1.0,1681.419921875,542.7000122070312,1.0,1550.510009765625,542.7000122070312,1.0,1323.1400146484375,549.5899658203125,1.0,1454.050048828125,546.14501953125,1.0
0522093645_rgb,171,1441.25,783.5,1.0,1472.300048828125,769.7000122070312,1.0,1496.449951171875,742.0999755859375,1.0,1568.9000244140625,811.0999755859375,1.0,1551.6500244140625,780.050048828125,1.0,1548.199951171875,742.0999755859375,1.0,1389.5,800.75,1.0,1375.699951171875,769.7000122070312,1.0,1341.199951171875,721.4000244140625,1.0,1289.449951171875,821.4500122070312,1.0,1272.199951171875,786.9500122070312,1.0,1279.0999755859375,721.4000244140625,1.0,1751.75,617.9000244140625,1.0,1696.550048828125,542.0,1.0,1558.550048828125,542.0,1.0,1327.4000244140625,548.9000244140625,1.0,1465.4000244140625,545.4500122070312,1.0
0522093645_rgb,172,1462.93994140625,778.8800048828125,1.0,1494.080078125,771.9599609375,1.0,1514.8399658203125,740.8200073242188,1.0,1563.280029296875,813.47998046875,1.0,1549.43994140625,782.3399658203125,1.0,1556.3599853515625,744.280029296875,1.0,1397.199951171875,799.6400146484375,1.0,1383.3599853515625,768.5,1.0,1348.760009765625,723.52001953125,1.0,1289.93994140625,820.4000244140625,1.0,1276.0999755859375,785.800048828125,1.0,1286.47998046875,723.52001953125,1.0,1753.580078125,619.719970703125,1.0,1694.760009765625,543.5999755859375,1.0,1563.280029296875,543.5999755859375,1.0,1334.9200439453125,550.52001953125,1.0,1466.4000244140625,543.5999755859375,1.0
0522093645_rgb,173,1506.0,785.800048828125,1.0,1530.219970703125,768.5,1.0,1550.97998046875,726.97998046875,1.0,1568.280029296875,810.02001953125,1.0,1557.9000244140625,782.3399658203125,1.0,1554.43994140625,751.2000122070312,1.0,1402.199951171875,799.6400146484375,1.0,1384.9000244140625,768.5,1.0,1353.760009765625,723.52001953125,1.0,1284.56005859375,823.8599853515625,1.0,1274.1800537109375,789.260009765625,1.0,1291.47998046875,723.52001953125,1.0,1765.5,619.719970703125,1.0,1713.5999755859375,543.5999755859375,1.0,1575.199951171875,543.5999755859375,1.0,1343.3800048828125,550.52001953125,1.0,1478.320068359375,543.5999755859375,1.0
0522093645_rgb,174,1520.0999755859375,789.2999877929688,1.0,1548.5,768.0,1.0,1580.449951171875,736.0499877929688,1.0,1562.699951171875,814.1500244140625,1.0,1548.5,792.8499755859375,1.0,1548.5,746.699951171875,1.0,1399.4000244140625,799.949951171875,1.0,1381.6500244140625,768.0,1.0,1356.800048828125,725.4000244140625,1.0,1285.800048828125,821.25,1.0,1275.1500244140625,785.75,1.0,1292.9000244140625,721.8499755859375,1.0,1768.5999755859375,622.449951171875,1.0,1718.89990234375,544.3499755859375,1.0,1580.449951171875,544.3499755859375,1.0,1349.699951171875,547.9000244140625,1.0,1477.5,540.7999877929688,1.0
0522093645_rgb,175,1588.375,787.625,1.0,1599.25,762.25,1.0,1599.25,722.375,1.0,1570.25,813.0,1.0,1552.125,784.0,1.0,1555.75,740.5,1.0,1403.5,802.125,1.0,1381.75,769.5,1.0,1360.0,726.0,1.0,1287.5,820.25,1.0,1276.625,787.625,1.0,1298.375,718.75,1.0,1780.5,624.5,1.0,1729.75,544.75,1.0,1588.375,544.75,1.0,1367.25,552.0,1.0,1483.25,537.5,1.0
0522093645_rgb,176,1589.7099609375,782.8599853515625,1.0,1615.1199951171875,768.3400268554688,1.0,1615.1199951171875,732.0400390625,1.0,1571.56005859375,811.9000244140625,1.0,1553.4100341796875,779.22998046875,1.0,1557.0400390625,739.300048828125,1.0,1404.5799560546875,797.3800048828125,1.0,1382.800048828125,768.3400268554688,1.0,1361.02001953125,721.1500244140625,1.0,1295.6800537109375,822.7900390625,1.0,1284.7900390625,786.489990234375,1.0,1302.93994140625,717.52001953125,1.0,1789.360107421875,623.1400146484375,1.0,1738.5400390625,546.9100341796875,1.0,1596.969970703125,543.280029296875,1.0,1368.280029296875,550.5400390625,1.0,1491.699951171875,543.280029296875,1.0
0522093645_rgb,177,1648.0999755859375,800.699951171875,1.0,1651.7750244140625,767.625,1.0,1644.425048828125,727.199951171875,1.0,1567.25,815.4000244140625,1.0,1556.2249755859375,782.324951171875,1.0,1559.9000244140625,741.9000244140625,1.0,1405.550048828125,800.699951171875,1.0,1383.5,771.2999877929688,1.0,1365.125,719.8499755859375,1.0,1295.300048828125,819.074951171875,1.0,1287.949951171875,782.324951171875,1.0,1313.675048828125,716.1749877929688,1.0,1795.0999755859375,624.2999877929688,1.0,1747.324951171875,543.4500122070312,1.0,1604.0,543.4500122070312,1.0,1376.1500244140625,550.7999877929688,1.0,1508.449951171875,543.4500122070312,1.0
0522093645_rgb,178,1663.1099853515625,801.114990234375,1.0,1659.445068359375,764.4649658203125,1.0,1652.114990234375,724.1500244140625,1.0,1567.820068359375,812.1099853515625,1.0,1556.824951171875,779.125,1.0,1567.820068359375,738.8099975585938,1.0,1399.22998046875,801.114990234375,1.0,1384.5699462890625,768.1300048828125,1.0,1366.2449951171875,720.4849853515625,1.0,1296.6099853515625,819.4400024414062,1.0,1289.280029296875,782.7900390625,1.0,1311.27001953125,716.8200073242188,1.0,1802.3800048828125,621.530029296875,1.0,1751.070068359375,548.22998046875,1.0,1611.800048828125,540.9000244140625,1.0,1384.5699462890625,551.89501953125,1.0,1509.179931640625,540.9000244140625,1.0
0522093645_rgb,179,1681.530029296875,800.364990234375,1.0,1670.4749755859375,767.199951171875,1.0,1659.419921875,730.3499755859375,1.0,1570.97998046875,811.4199829101562,1.0,1556.239990234375,774.5700073242188,1.0,1570.97998046875,734.0350341796875,1.0,1401.469970703125,800.364990234375,1.0,1386.72998046875,767.199951171875,1.0,1368.304931640625,722.97998046875,1.0,1298.2900390625,815.10498046875,1.0,1301.9749755859375,778.2550048828125,1.0,1324.0849609375,715.6099853515625,1.0,1806.820068359375,623.4849853515625,1.0,1758.9150390625,546.0999755859375,1.0,1622.570068359375,546.0999755859375,1.0,1394.0999755859375,549.7850341796875,1.0,1519.3900146484375,538.72998046875,1.0
0522093645_rgb,180,1684.1600341796875,797.0499877929688,1.0,1665.7349853515625,767.5700073242188,1.0,1658.364990234375,730.719970703125,1.0,1573.6099853515625,811.7899780273438,1.0,1558.8699951171875,778.625,1.0,1573.6099853515625,738.0899658203125,1.0,1404.0999755859375,800.7349853515625,1.0,1381.989990234375,767.5700073242188,1.0,1370.93505859375,719.6650390625,1.0,1300.9200439453125,815.4749755859375,1.0,1311.9749755859375,778.625,1.0,1326.7149658203125,712.2949829101562,1.0,1816.820068359375,620.1699829101562,1.0,1757.8599853515625,546.469970703125,1.0,1628.885009765625,542.7850341796875,1.0,1404.0999755859375,546.469970703125,1.0,1529.3900146484375,542.7850341796875,1.0
0522093645_rgb,181,1684.050048828125,798.9000244140625,1.0,1662.5999755859375,770.300048828125,1.0,1648.300048828125,730.9749755859375,1.0,1562.5,809.625,1.0,1558.925048828125,777.4500122070312,1.0,1576.800048828125,738.125,1.0,1412.3499755859375,798.9000244140625,1.0,1387.324951171875,773.875,1.0,1383.75,723.8250122070312,1.0,1326.550048828125,802.4749755859375,1.0,1348.0,773.875,1.0,1344.425048828125,713.0999755859375,1.0,1819.9000244140625,620.1500244140625,1.0,1766.2750244140625,548.6500244140625,1.0,1641.1500244140625,548.6500244140625,1.0,1412.3499755859375,548.6500244140625,1.0,1541.050048828125,541.5,1.0
0522093645_rgb,182,1685.3699951171875,802.925048828125,1.0,1667.594970703125,774.4849853515625,1.0,1653.375,735.3800048828125,1.0,1571.6099853515625,813.5899658203125,1.0,1560.945068359375,781.594970703125,1.0,1578.719970703125,742.489990234375,1.0,1404.5250244140625,799.3699951171875,1.0,1393.8599853515625,774.4849853515625,1.0,1393.8599853515625,721.1600341796875,1.0,1358.31005859375,802.925048828125,1.0,1361.864990234375,774.4849853515625,1.0,1354.7550048828125,710.4949951171875,1.0,1820.4599609375,625.175048828125,1.0,1774.2449951171875,550.52001953125,1.0,1642.7099609375,550.52001953125,1.0,1422.300048828125,543.4100341796875,1.0,1550.280029296875,543.4100341796875,1.0
0522093645_rgb,183,1681.320068359375,804.3599853515625,1.0,1670.7900390625,772.77001953125,1.0,1656.75,734.1600341796875,1.0,1561.97998046875,811.3800048828125,1.0,1561.97998046875,776.280029296875,1.0,1583.0400390625,741.1799926757812,1.0,1393.5,797.3399658203125,1.0,1382.969970703125,772.77001953125,1.0,1372.43994140625,709.5899658203125,1.0,1407.5400390625,811.3800048828125,1.0,1411.050048828125,772.77001953125,1.0,1404.030029296875,713.0999755859375,1.0,1835.760009765625,628.8599853515625,1.0,1786.6199951171875,551.6400146484375,1.0,1653.239990234375,548.1300048828125,1.0,1428.5999755859375,544.6199951171875,1.0,1558.469970703125,544.6199951171875,1.0
0522093645_rgb,184,1682.0,804.5,1.0,1668.0,773.0,1.0,1654.0,734.5,1.0,1570.0,811.5,1.0,1563.0,780.0,1.0,1584.0,745.0,1.0,1398.5,794.0,1.0,1391.5,766.0,1.0,1377.5,713.5,1.0,1430.0,797.5,1.0,1426.5,766.0,1.0,1419.5,717.0,1.0,1839.5,626.0,1.0,1787.0,549.0,1.0,1661.0,549.0,1.0,1430.0,545.5,1.0,1563.0,542.0,1.0
0522093645_rgb,185,1688.6700439453125,806.6800537109375,1.0,1671.14501953125,775.135009765625,1.0,1660.6300048828125,733.0750122070312,1.0,1562.489990234375,806.6800537109375,1.0,1565.9949951171875,775.135009765625,1.0,1590.530029296875,743.5900268554688,1.0,1408.27001953125,803.175048828125,1.0,1390.7449951171875,771.6300048828125,1.0,1387.239990234375,715.550048828125,1.0,1471.3599853515625,806.6800537109375,1.0,1464.3499755859375,768.125,1.0,1436.31005859375,715.550048828125,1.0,1849.9000244140625,627.925048828125,1.0,1800.830078125,547.3099975585938,1.0,1664.135009765625,547.3099975585938,1.0,1436.31005859375,547.3099975585938,1.0,1573.0050048828125,540.2999877929688,1.0
0522093645_rgb,186,1689.0,805.5,1.0,1668.0,774.0,1.0,1657.5,732.0,1.0,1563.0,802.0,1.0,1577.0,774.0,1.0,1598.0,739.0,1.0,1409.0,798.5,1.0,1388.0,767.0,1.0,1391.5,711.0,1.0,1493.0,805.5,1.0,1479.0,770.5,1.0,1461.5,721.5,1.0,1850.0,627.0,1.0,1808.0,550.0,1.0,1675.0,543.0,1.0,1451.0,543.0,1.0,1577.0,543.0,1.0
0522093645_rgb,187,1683.02001953125,802.9599609375,1.0,1665.594970703125,771.594970703125,1.0,1665.594970703125,733.260009765625,1.0,1574.9849853515625,795.989990234375,1.0,1599.3800048828125,775.0799560546875,1.0,1630.7449951171875,747.199951171875,1.0,1404.219970703125,799.4749755859375,1.0,1390.280029296875,768.1099853515625,1.0,1397.25,712.3499755859375,1.0,1533.1650390625,809.9299926757812,1.0,1515.739990234375,775.0799560546875,1.0,1480.8900146484375,729.7750244140625,1.0,1864.239990234375,621.739990234375,1.0,1811.9649658203125,545.0700073242188,1.0,1679.534912109375,545.0700073242188,1.0,1459.97998046875,545.0700073242188,1.0,1585.43994140625,541.5849609375,1.0
0522093645_rgb,188,1686.1700439453125,799.1700439453125,1.0,1668.719970703125,774.739990234375,1.0,1665.22998046875,729.3699951171875,1.0,1588.449951171875,788.7000122070312,1.0,1623.3499755859375,774.739990234375,1.0,1654.760009765625,753.7999877929688,1.0,1403.47998046875,802.6600341796875,1.0,1389.52001953125,767.760009765625,1.0,1396.5,711.9200439453125,1.0,1550.06005859375,806.1500244140625,1.0,1525.6300048828125,778.22998046875,1.0,1497.7099609375,732.8599853515625,1.0,1864.159912109375,621.1799926757812,1.0,1818.7900390625,544.4000244140625,1.0,1689.6600341796875,544.4000244140625,1.0,1466.300048828125,544.4000244140625,1.0,1591.93994140625,540.9100341796875,1.0
0522093645_rgb,189,1678.93994140625,800.030029296875,1.0,1675.39501953125,775.2149658203125,1.0,1654.125,732.675048828125,1.0,1625.7650146484375,785.8499755859375,1.0,1657.6700439453125,771.6700439453125,1.0,1693.1199951171875,743.3099975585938,1.0,1402.4300537109375,800.030029296875,1.0,1391.7950439453125,768.125,1.0,1402.4300537109375,711.405029296875,1.0,1558.4100341796875,810.6650390625,1.0,1533.594970703125,782.3050537109375,1.0,1501.68994140625,736.219970703125,1.0,1877.4599609375,622.780029296875,1.0,1827.830078125,544.7900390625,1.0,1693.1199951171875,541.2449951171875,1.0,1476.875,544.7900390625,1.0,1600.949951171875,541.2449951171875,1.0
0522093645_rgb,190,1683.3900146484375,805.3900146484375,1.0,1669.050048828125,762.3699951171875,1.0,1665.4649658203125,730.10498046875,1.0,1651.125,783.8800048828125,1.0,1701.31494140625,769.5400390625,1.0,1719.239990234375,740.8599853515625,1.0,1403.760009765625,801.8049926757812,1.0,1393.0050048828125,765.9550170898438,1.0,1410.9300537109375,712.1799926757812,1.0,1561.5,812.5599975585938,1.0,1536.405029296875,783.8800048828125,1.0,1511.31005859375,737.2750244140625,1.0,1884.1500244140625,618.969970703125,1.0,1837.544921875,547.27001953125,1.0,1704.9000244140625,540.0999755859375,1.0,1489.800048828125,547.27001953125,1.0,1611.68994140625,540.0999755859375,1.0
